,0,1,2,3,4,5,6,7,8,9,10,11,12,13,14,15,16,17,18,19,20,21,22,23,24,25,26,27,28,29,30,31,32,33,34,35,36,37,38,39,40,41,42,43,44,45,46,47,48,49,50,51,52,53,54,55,56,57,58,59,60,61,62,63,64,65,66,67,68,69,70,71,72,73,74,75,76,77,78,79,80,81,82,83,84,85,86,87,88,89,90,91,92,93,94,95,96,97,98,99
0,0.39950502,-0.03879501,0.39677,-0.40807998,0.29651,-0.81948,-0.55803,0.219835,0.483755,-0.64079946,-0.19546,0.38638502,0.252359,0.314125,0.61400497,0.32345003,-0.44676402,-0.174795,0.51739997,-0.680405,0.52232003,0.24399999,0.44886702,0.07237999,0.795645,-1.1698351,-0.4863605,0.1852375,0.025279999,-0.94353,1.7819,-0.11107501,-0.60836,-0.55148,0.0041099936,0.464695,0.85389,0.219939,-0.212715,0.299705,0.34967,-0.044524997,0.484415,0.092885,0.26619,0.22727501,0.011225,0.298648,-0.0431089,-0.16054851,0.36087,0.5252,-1.0422,0.22507,0.76221,0.43648,-0.58088,-0.024953,0.47475,0.21834,-0.98679,0.55622,1.1517,0.28576,0.76229,-0.26932,-0.67422,-0.57753,0.71054,-0.21715,0.39458,-0.66101,1.1425,0.69728,0.39504,-0.60147,-1.2807,0.11961,1.1637,-0.37347,1.7468,-0.7226,-1.1654,1.1486,0.28592,0.14798,-0.57285,1.1611,0.74474,-0.54718,1.2181,0.30803,-0.3913,-0.01959,0.36475,1.3065,0.94403,0.56427,0.10379,0.82588
1,-0.062761,0.81904,-0.067769,1.0728,-0.48884,-0.53659,-0.39512,0.29684,-0.24994,-0.64616,-0.38994,-1.0181,-0.74659,0.5638,0.62756,0.84303,0.1374,-0.54534,-0.16795,-0.43048,0.18814,0.16537,-0.1674,0.59948,-0.16904,-1.1376,0.36256,0.19763,0.010075,-0.3838,3.5756,0.045535,-0.52057,0.32947,-0.36942,-0.37348,0.31756,0.81132,-0.044679,-0.79792,0.22949,-0.73993,0.90041,0.46883,0.4512,0.6644,0.24931,-0.88062,-0.042584,-0.21827,0.14603,-0.081419,0.4117,-0.58313,0.66548,-0.5952,-0.095768,0.14289,0.62281,0.289,0.017688,0.10001,0.090673,1.0691,0.49732,1.14,-0.40264,0.71194,0.49728,-0.1562,0.73807,-0.029798,0.38105,0.77741,-0.19549,-0.18279,-0.537,1.0054,1.3553,-0.42051,0.061696,0.77587,-0.3022,0.8027,0.41015,1.2914,0.25042,0.58813,0.85505,0.082704,0.45588,0.15067,-0.63724,0.24472,0.24008,0.69516,0.65533,-0.010101,-0.17204,-0.2411
2,0.62257,0.071858,0.024343,-0.12574,0.31062,-0.2258,-0.34277,0.50858,-0.13264,-0.068181,-0.21331,0.27151,-0.44914,0.076563,0.54888,0.58235,0.46806,-0.3486,-0.14855,-0.81118,0.26717,0.24443,0.016739,0.04569,0.23783,-1.9723,-0.067601,-0.50336,0.21409,-0.48434,3.5853,1.1371,-1.1428,-0.058785,0.2457,-0.16272,0.17293,0.18225,0.0188,-0.52325,-0.34459,0.035117,0.27834,0.18419,0.23106,0.13612,0.021502,0.18111,0.038953,0.23854,0.13869499,-0.1619455,-0.99624497,-0.584955,0.56655,0.479465,-0.140705,-0.323735,0.615395,0.0775005,-0.274895,0.22380501,0.91875005,0.71422005,0.582725,0.1959415,-0.067127004,0.65901,0.31391,-0.48124,0.58826494,-0.1199921,0.534305,0.65917003,0.459425,-0.21908,-0.2578265,0.290005,1.165175,0.197257,0.96865505,0.26628,-0.17175,0.5129,0.049769998,1.04366,-0.049480006,1.100885,0.72098005,0.364025,-0.028250009,-0.23192501,-0.195115,1.3455,1.41501,0.18149501,0.29712,-0.28816998,0.663585,0.2933915
3,0.25322,-0.34355,0.79544,-0.67276,0.030686,0.5094,-0.4479,-0.18801,-0.017476,-0.34959,-0.52884,-0.15356,-0.16261,0.14659,0.48336,0.38471,0.2326,-0.37369,0.10151,-1.0127,0.37486,-0.78136,0.314,-0.61849,-0.62249,-1.2987,0.37412,0.84641,0.38115,-0.37949,3.5398,0.52446,0.11603,1.0183,-0.20129,-0.10432,-0.22025,0.28246,0.53979,-0.98981,-0.3338,0.33967,0.42538,-0.38407,0.079325,-0.08977,0.18659,0.20507,-0.4098,0.094407,0.23709,-0.49856,-1.0792,0.44938,0.65129,-0.020827,-0.23581,-0.077086,-0.42917,0.34349,-0.46078,0.15058,1.6908,0.081415,0.38058,-0.82966,-0.35473,0.84396,0.12697,-0.76117,-0.28762,-1.7802,1.5353,0.15333,-0.7707,0.016573,-0.030927,1.0941,1.1166,-0.6066,1.5888,-0.17859,-0.5575,1.2147,-0.093447,0.62139,-1.3918,1.2802,1.3941,-0.75228,0.29648,0.035917,-0.35889,-0.6431,1.3935,1.1953,0.52134,0.090659,-0.016261,0.38762
4,0.37694,0.014874995,0.18506,-0.14752498,0.1846905,-0.016716998,-0.57337,0.03114,-0.1051565,-0.104655,-0.26344502,-0.057609998,-0.45092,0.1938,0.2442805,0.27756,-0.031295,-0.293315,-0.57007,-0.531655,0.46269,0.130364,0.36307,0.053950004,0.145245,-1.7602,0.018214986,0.36899,0.38409102,-0.29078,3.56105,0.281985,-0.49952,-0.19063,0.00442325,-0.15656,0.0051199943,0.0062500015,-0.065123,-0.3019895,-0.168896,0.1223255,-0.19493,-0.12439,-0.14343,0.114465505,0.1330415,-0.29361498,0.132622,-0.3043835,0.62396,-0.3702,0.020021,0.56817,-1.1441,0.064714,0.55457,0.4829,0.38094,-0.059257,-0.3697,1.1364,0.23668,1.1778,0.049406,0.65638,-0.67215,1.287,0.47719,-1.4377,0.5408,-0.045323,-0.40048,-0.12607,0.50633,-0.51401,0.061099,1.3432,0.87303,0.12402,-0.040265,-0.073974,-0.24551,1.1607,-0.33243,0.91823,-0.087815,0.3821,1.6784,-0.16562,0.46461,0.44502,-0.35208,1.6905,-0.5229,0.52027,0.53387,-0.81624,0.25914,-0.54924
5,0.076143,-0.24717,0.40116,-0.44052,0.47109,-0.1377,-0.71907,0.13098,-0.17572,-0.03577,-0.25182,0.22588,-0.76386,0.24249,0.46617,0.10661,0.42314,-0.54628,-0.23715,-0.65187,-0.077369,0.28766,0.10809,-0.45786,0.067866,-1.8636,0.1389,0.17133,0.24996,-0.6366,3.2279,0.56937,-0.653,0.055097,-0.28294,0.17188,0.17931,0.49549,0.33623,-0.49653,0.10105,0.1834,0.095534,0.049611,-0.028313,0.27312,-0.24849,0.14717,0.11502,-0.25162,0.13869499,-0.1619455,-0.99624497,-0.584955,0.56655,0.479465,-0.140705,-0.323735,0.615395,0.0775005,-0.274895,0.22380501,0.91875005,0.71422005,0.582725,0.1959415,-0.067127004,0.65901,0.31391,-0.48124,0.58826494,-0.1199921,0.534305,0.65917003,0.459425,-0.21908,-0.2578265,0.290005,1.165175,0.197257,0.96865505,0.26628,-0.17175,0.5129,0.049769998,1.04366,-0.049480006,1.100885,0.72098005,0.364025,-0.028250009,-0.23192501,-0.195115,1.3455,1.41501,0.18149501,0.29712,-0.28816998,0.663585,0.2933915
6,-0.062761,0.81904,-0.067769,1.0728,-0.48884,-0.53659,-0.39512,0.29684,-0.24994,-0.64616,-0.38994,-1.0181,-0.74659,0.5638,0.62756,0.84303,0.1374,-0.54534,-0.16795,-0.43048,0.18814,0.16537,-0.1674,0.59948,-0.16904,-1.1376,0.36256,0.19763,0.010075,-0.3838,3.5756,0.045535,-0.52057,0.32947,-0.36942,-0.37348,0.31756,0.81132,-0.044679,-0.79792,0.22949,-0.73993,0.90041,0.46883,0.4512,0.6644,0.24931,-0.88062,-0.042584,-0.21827,0.18309,-0.028293,0.082406,-0.12592,0.89255,0.22503,-0.10855,0.1511,-1.3752,-1.4432,-0.64949,0.16625,-0.23802,1.5123,0.092798,0.55496,-0.29669,-0.59197,1.2212,-0.26558,0.88783,-0.14111,0.28922,-0.69484,-0.54065,-1.1133,0.30539,-0.032568,-1.2947,1.2418,2.6644,0.031051,-1.3173,-0.027633,0.17796,0.4314,0.66676,-0.065272,-0.1495,-0.44485,-0.95383,0.41872,-0.99088,-0.61351,-0.14069,0.24595,-1.069,0.84131,0.81254,-0.25113
7,0.62257,0.071858,0.024343,-0.12574,0.31062,-0.2258,-0.34277,0.50858,-0.13264,-0.068181,-0.21331,0.27151,-0.44914,0.076563,0.54888,0.58235,0.46806,-0.3486,-0.14855,-0.81118,0.26717,0.24443,0.016739,0.04569,0.23783,-1.9723,-0.067601,-0.50336,0.21409,-0.48434,3.5853,1.1371,-1.1428,-0.058785,0.2457,-0.16272,0.17293,0.18225,0.0188,-0.52325,-0.34459,0.035117,0.27834,0.18419,0.23106,0.13612,0.021502,0.18111,0.038953,0.23854,0.18543501,-0.048284993,-0.38280502,0.712375,0.390575,-0.37958503,-0.029399991,-0.036920004,0.7057862,0.17063001,0.515545,0.723665,1.073725,0.91267,-0.267295,0.031985,-0.58089,0.997035,-0.08939999,-0.808285,0.7507655,-1.2032499,0.2842355,0.459066,-0.33999,-0.600895,0.20236999,1.193085,1.050245,-0.019217,0.808564,-0.096428506,0.14401999,0.97291994,0.42161,0.672685,-0.17783499,0.837965,-0.006669998,0.289056,0.97013,-0.10214999,0.35850003,0.19758551,0.24121,0.46420997,-0.216146,0.11141501,0.8955,-0.47750503
8,0.25322,-0.34355,0.79544,-0.67276,0.030686,0.5094,-0.4479,-0.18801,-0.017476,-0.34959,-0.52884,-0.15356,-0.16261,0.14659,0.48336,0.38471,0.2326,-0.37369,0.10151,-1.0127,0.37486,-0.78136,0.314,-0.61849,-0.62249,-1.2987,0.37412,0.84641,0.38115,-0.37949,3.5398,0.52446,0.11603,1.0183,-0.20129,-0.10432,-0.22025,0.28246,0.53979,-0.98981,-0.3338,0.33967,0.42538,-0.38407,0.079325,-0.08977,0.18659,0.20507,-0.4098,0.094407,0.68224,-0.31608,-0.95201,0.47108,0.56571,0.13151,0.22457,0.094995,-1.3237,-0.51545,-0.39337,0.88488,0.93826,0.22931,0.088624,-0.53908,0.23396,0.73245,-0.019123,-0.26552,-0.40433,-1.5832,1.1316,0.4419,-0.48218,0.4828,0.14938,1.1245,1.0159,-0.50213,0.83831,-0.31303,0.083242,1.7161,0.15024,1.0324,-1.5005,0.62348,0.54508,-0.88484,0.53279,-0.085119,0.02141,-0.56629,1.1463,0.6464,0.78318,-0.067662,0.22884,-0.042453
9,1.0326,-0.69136,0.6487,-0.071774,-0.57696,-0.56127,-0.68288,-0.05353,0.44905,-0.35602,0.86067,0.39249,0.038925,0.2982,-0.72031,0.8336,0.091965,0.9492,-0.029391,-0.60635,0.8484,-0.23062,0.032344,0.89432,-0.64466,-0.89722,0.29887,-0.60273,0.64634,-0.1478,2.9942,0.33144,-0.36863,-0.14631,0.48259,-0.072306,0.14288,0.083298,-0.59927,0.75392,0.020408,-0.43486,0.63946,0.8492,-0.80567,-0.37004,-0.63297,-0.10298,-0.51722,0.33306,-0.81486,0.60995,0.58601,-0.92374,-0.089538,0.00023738,-0.18316,0.29804,-0.43718,0.061355,-0.37087,0.048595,0.79354,1.2487,0.13401,0.83693,0.46513,1.4767,-0.053585,-1.3014,1.0414,0.018075,0.16633,-0.21799,0.48249,-0.56581,0.11617,0.8602,1.5273,0.88207,0.46522,-0.39891,-0.86514,0.84848,0.11623,1.2894,0.47099,0.87654,1.4557,0.34316,0.91253,0.25992,-0.57078,0.48763,1.0542,1.3268,0.014356,-0.51769,-0.46111,-0.63135
10,0.39621,0.15996,0.46712,0.18459,1.1826,-0.29844,-0.44587,0.13879,-0.79038,-0.21838,-0.33809,-0.68331,-0.37921,-0.11752,0.042039,0.48018,-0.012653,-0.45736,-0.77084,-0.047438,0.31252,0.5868,0.11256,-0.25544,0.13935,-1.3885,0.66674,0.28422,0.14652,0.21721,3.2838,-0.064245,0.087545,0.059236,0.18729,-0.7151,-0.45676,0.42607,-0.075389,-0.21992,-0.12417,0.12843,0.33174,0.089882,-0.15063,-0.08294,-0.066774,-0.19275,0.24453,-0.28937,0.14603,-0.081419,0.4117,-0.58313,0.66548,-0.5952,-0.095768,0.14289,0.62281,0.289,0.017688,0.10001,0.090673,1.0691,0.49732,1.14,-0.40264,0.71194,0.49728,-0.1562,0.73807,-0.029798,0.38105,0.77741,-0.19549,-0.18279,-0.537,1.0054,1.3553,-0.42051,0.061696,0.77587,-0.3022,0.8027,0.41015,1.2914,0.25042,0.58813,0.85505,0.082704,0.45588,0.15067,-0.63724,0.24472,0.24008,0.69516,0.65533,-0.010101,-0.17204,-0.2411
11,0.25322,-0.34355,0.79544,-0.67276,0.030686,0.5094,-0.4479,-0.18801,-0.017476,-0.34959,-0.52884,-0.15356,-0.16261,0.14659,0.48336,0.38471,0.2326,-0.37369,0.10151,-1.0127,0.37486,-0.78136,0.314,-0.61849,-0.62249,-1.2987,0.37412,0.84641,0.38115,-0.37949,3.5398,0.52446,0.11603,1.0183,-0.20129,-0.10432,-0.22025,0.28246,0.53979,-0.98981,-0.3338,0.33967,0.42538,-0.38407,0.079325,-0.08977,0.18659,0.20507,-0.4098,0.094407,0.35356,0.067601,-0.44025,-0.28011,0.77413,0.78139,0.44246,-0.45711,-0.50352,-0.054437,-0.57321,1.0113,0.52771,0.55899,-0.48733,-0.24187,0.3781,0.92433,0.31903,-0.63388,0.046949,-0.95949,0.97102,0.050803,-0.1492,-0.55389,0.35823,1.1072,0.54538,-0.75715,0.94141,0.50537,-0.8726,1.6142,-0.042542,0.4322,-1.1755,0.31144,0.22073,-1.003,0.62983,-0.24773,-0.45518,-0.52118,1.0772,0.44157,0.72543,0.48212,0.097488,-0.30135
12,0.076143,-0.24717,0.40116,-0.44052,0.47109,-0.1377,-0.71907,0.13098,-0.17572,-0.03577,-0.25182,0.22588,-0.76386,0.24249,0.46617,0.10661,0.42314,-0.54628,-0.23715,-0.65187,-0.077369,0.28766,0.10809,-0.45786,0.067866,-1.8636,0.1389,0.17133,0.24996,-0.6366,3.2279,0.56937,-0.653,0.055097,-0.28294,0.17188,0.17931,0.49549,0.33623,-0.49653,0.10105,0.1834,0.095534,0.049611,-0.028313,0.27312,-0.24849,0.14717,0.11502,-0.25162,0.18543501,-0.048284993,-0.38280502,0.712375,0.390575,-0.37958503,-0.029399991,-0.036920004,0.7057862,0.17063001,0.515545,0.723665,1.073725,0.91267,-0.267295,0.031985,-0.58089,0.997035,-0.08939999,-0.808285,0.7507655,-1.2032499,0.2842355,0.459066,-0.33999,-0.600895,0.20236999,1.193085,1.050245,-0.019217,0.808564,-0.096428506,0.14401999,0.97291994,0.42161,0.672685,-0.17783499,0.837965,-0.006669998,0.289056,0.97013,-0.10214999,0.35850003,0.19758551,0.24121,0.46420997,-0.216146,0.11141501,0.8955,-0.47750503
13,0.25322,-0.34355,0.79544,-0.67276,0.030686,0.5094,-0.4479,-0.18801,-0.017476,-0.34959,-0.52884,-0.15356,-0.16261,0.14659,0.48336,0.38471,0.2326,-0.37369,0.10151,-1.0127,0.37486,-0.78136,0.314,-0.61849,-0.62249,-1.2987,0.37412,0.84641,0.38115,-0.37949,3.5398,0.52446,0.11603,1.0183,-0.20129,-0.10432,-0.22025,0.28246,0.53979,-0.98981,-0.3338,0.33967,0.42538,-0.38407,0.079325,-0.08977,0.18659,0.20507,-0.4098,0.094407,0.0099727,0.27951,-0.92119,0.0087638,0.71206,-0.29834,0.60247,-0.13617,-1.0734,-0.088431,-1.0597,0.38107,1.1156,0.27397,-0.55001,-0.29295,0.028922,0.40802,-0.59995,-0.19854,0.26314,-1.734,1.8612,0.18616,-1.2123,-0.058504,0.37557,1.7417,1.0782,-0.72126,1.514,-0.51227,0.2119,0.95161,-0.63633,0.65343,-1.0067,0.5847,0.63047,-0.96966,1.2346,-0.05274,-0.61803,-0.56434,1.2664,1.7918,0.58051,-0.17542,-0.42648,-0.10229
14,-0.062761,0.81904,-0.067769,1.0728,-0.48884,-0.53659,-0.39512,0.29684,-0.24994,-0.64616,-0.38994,-1.0181,-0.74659,0.5638,0.62756,0.84303,0.1374,-0.54534,-0.16795,-0.43048,0.18814,0.16537,-0.1674,0.59948,-0.16904,-1.1376,0.36256,0.19763,0.010075,-0.3838,3.5756,0.045535,-0.52057,0.32947,-0.36942,-0.37348,0.31756,0.81132,-0.044679,-0.79792,0.22949,-0.73993,0.90041,0.46883,0.4512,0.6644,0.24931,-0.88062,-0.042584,-0.21827,-0.44933,-0.029444,0.57296,-0.45214,0.92769,-0.50868,0.2583,0.040071,0.38096,-0.71797,-0.45572,0.21411,-0.64431,1.4169,0.62377,0.27238,-0.59077,0.18023,1.357,-0.68028,1.0149,-0.23861,0.20119,0.54845,-0.53386,-0.73782,-1.0332,1.2281,0.56946,-0.48784,0.36059,-0.0064226,0.28632,0.6696,0.0017163,1.5707,-0.34028,0.89638,1.1332,-0.78836,0.74014,0.083619,0.040407,0.71757,-0.35058,-0.29821,1.056,-0.17812,0.38516,-0.8565
15,0.62257,0.071858,0.024343,-0.12574,0.31062,-0.2258,-0.34277,0.50858,-0.13264,-0.068181,-0.21331,0.27151,-0.44914,0.076563,0.54888,0.58235,0.46806,-0.3486,-0.14855,-0.81118,0.26717,0.24443,0.016739,0.04569,0.23783,-1.9723,-0.067601,-0.50336,0.21409,-0.48434,3.5853,1.1371,-1.1428,-0.058785,0.2457,-0.16272,0.17293,0.18225,0.0188,-0.52325,-0.34459,0.035117,0.27834,0.18419,0.23106,0.13612,0.021502,0.18111,0.038953,0.23854,-0.63773,0.83063,-0.26741,0.92461,0.47251,0.29511,-0.31165,0.49289,-0.10176,-0.66635,0.20884,0.33366,0.51571,0.97914,-0.15615,-0.51083,-0.11238,-0.24715,-0.68595,-1.3808,-0.0767,-1.3366,0.37579,-0.13996,0.31216,-0.66554,0.29805,1.2569,0.94895,-1.1671,2.1986,-0.039899,0.057112,0.63481,-0.58989,0.48842,0.10233,1.0525,0.44279,0.17923,0.53623,0.16626,-0.16491,0.31953,-0.61487,-0.15407,0.57715,-0.30956,0.10163,-0.66864
16,0.62257,0.071858,0.024343,-0.12574,0.31062,-0.2258,-0.34277,0.50858,-0.13264,-0.068181,-0.21331,0.27151,-0.44914,0.076563,0.54888,0.58235,0.46806,-0.3486,-0.14855,-0.81118,0.26717,0.24443,0.016739,0.04569,0.23783,-1.9723,-0.067601,-0.50336,0.21409,-0.48434,3.5853,1.1371,-1.1428,-0.058785,0.2457,-0.16272,0.17293,0.18225,0.0188,-0.52325,-0.34459,0.035117,0.27834,0.18419,0.23106,0.13612,0.021502,0.18111,0.038953,0.23854,-1.5491,0.6169,-0.28192,1.1088,0.070226,-0.39293,-0.85833,0.23562,-0.092116,-0.2479,-0.49193,0.2869,0.17158,0.19466,0.40086,0.53626,-0.24186,0.59343,-1.6473,-0.41177,-0.15598,-1.0264,1.5462,-0.33489,-1.0415,-1.0938,-0.49959,0.44622,1.2927,-0.61908,1.7843,1.1887,-1.0404,0.038716,0.4504,0.96851,-0.15772,1.1836,0.29166,-1.1253,-0.11255,0.012885,-1.51,0.56901,-0.48604,2.0839,0.06506,0.016635,-0.6365,0.064266
17,0.076143,-0.24717,0.40116,-0.44052,0.47109,-0.1377,-0.71907,0.13098,-0.17572,-0.03577,-0.25182,0.22588,-0.76386,0.24249,0.46617,0.10661,0.42314,-0.54628,-0.23715,-0.65187,-0.077369,0.28766,0.10809,-0.45786,0.067866,-1.8636,0.1389,0.17133,0.24996,-0.6366,3.2279,0.56937,-0.653,0.055097,-0.28294,0.17188,0.17931,0.49549,0.33623,-0.49653,0.10105,0.1834,0.095534,0.049611,-0.028313,0.27312,-0.24849,0.14717,0.11502,-0.25162,-1.5491,0.6169,-0.28192,1.1088,0.070226,-0.39293,-0.85833,0.23562,-0.092116,-0.2479,-0.49193,0.2869,0.17158,0.19466,0.40086,0.53626,-0.24186,0.59343,-1.6473,-0.41177,-0.15598,-1.0264,1.5462,-0.33489,-1.0415,-1.0938,-0.49959,0.44622,1.2927,-0.61908,1.7843,1.1887,-1.0404,0.038716,0.4504,0.96851,-0.15772,1.1836,0.29166,-1.1253,-0.11255,0.012885,-1.51,0.56901,-0.48604,2.0839,0.06506,0.016635,-0.6365,0.064266
18,0.076143,-0.24717,0.40116,-0.44052,0.47109,-0.1377,-0.71907,0.13098,-0.17572,-0.03577,-0.25182,0.22588,-0.76386,0.24249,0.46617,0.10661,0.42314,-0.54628,-0.23715,-0.65187,-0.077369,0.28766,0.10809,-0.45786,0.067866,-1.8636,0.1389,0.17133,0.24996,-0.6366,3.2279,0.56937,-0.653,0.055097,-0.28294,0.17188,0.17931,0.49549,0.33623,-0.49653,0.10105,0.1834,0.095534,0.049611,-0.028313,0.27312,-0.24849,0.14717,0.11502,-0.25162,-0.16883332,0.053962667,0.64003664,0.03682999,0.30554,-0.48361,-0.6730533,-0.21526666,0.87707996,-0.009483337,-0.40397,0.21791466,0.38879666,0.82132006,0.7956333,-0.14696,0.18193664,0.9718401,0.07076668,-0.9712667,1.0831333,-0.5432467,0.22646368,0.17752732,-0.015576661,-0.89503,0.08034667,1.4514666,1.5194999,-0.43753335,1.2210666,-0.07078334,0.018786667,0.15402664,-0.23794001,1.3892533,0.16022332,0.15876,0.74833995,0.42197335,0.26708266,-0.09667,0.36924145,0.35476366,-0.04894,0.061421335,-0.6153,-0.32634333,1.1653,-0.9940567
19,0.076143,-0.24717,0.40116,-0.44052,0.47109,-0.1377,-0.71907,0.13098,-0.17572,-0.03577,-0.25182,0.22588,-0.76386,0.24249,0.46617,0.10661,0.42314,-0.54628,-0.23715,-0.65187,-0.077369,0.28766,0.10809,-0.45786,0.067866,-1.8636,0.1389,0.17133,0.24996,-0.6366,3.2279,0.56937,-0.653,0.055097,-0.28294,0.17188,0.17931,0.49549,0.33623,-0.49653,0.10105,0.1834,0.095534,0.049611,-0.028313,0.27312,-0.24849,0.14717,0.11502,-0.25162,-0.63773,0.83063,-0.26741,0.92461,0.47251,0.29511,-0.31165,0.49289,-0.10176,-0.66635,0.20884,0.33366,0.51571,0.97914,-0.15615,-0.51083,-0.11238,-0.24715,-0.68595,-1.3808,-0.0767,-1.3366,0.37579,-0.13996,0.31216,-0.66554,0.29805,1.2569,0.94895,-1.1671,2.1986,-0.039899,0.057112,0.63481,-0.58989,0.48842,0.10233,1.0525,0.44279,0.17923,0.53623,0.16626,-0.16491,0.31953,-0.61487,-0.15407,0.57715,-0.30956,0.10163,-0.66864
20,0.25322,-0.34355,0.79544,-0.67276,0.030686,0.5094,-0.4479,-0.18801,-0.017476,-0.34959,-0.52884,-0.15356,-0.16261,0.14659,0.48336,0.38471,0.2326,-0.37369,0.10151,-1.0127,0.37486,-0.78136,0.314,-0.61849,-0.62249,-1.2987,0.37412,0.84641,0.38115,-0.37949,3.5398,0.52446,0.11603,1.0183,-0.20129,-0.10432,-0.22025,0.28246,0.53979,-0.98981,-0.3338,0.33967,0.42538,-0.38407,0.079325,-0.08977,0.18659,0.20507,-0.4098,0.094407,-0.402377,-0.197939,-0.37698436,0.644855,0.687695,0.4089,-0.23356001,0.21202901,-0.2733095,-0.40941,-0.227555,0.58287,0.06535499,-0.303491,-0.28557,-0.17071,-0.297085,0.3115,-0.69708,-0.974455,0.164943,-0.016610004,0.906415,-0.1470245,-0.6348735,-0.534365,0.509245,0.3917745,0.39568,-0.821805,1.83595,-0.687955,0.21000499,0.721725,0.190161,0.14864999,-0.3461,0.152485,1.011185,-0.37703,1.035135,0.36189002,-0.3036065,-0.414489,0.94892,1.0214,-0.028214004,-0.553895,-0.93602,0.47009
21,0.076143,-0.24717,0.40116,-0.44052,0.47109,-0.1377,-0.71907,0.13098,-0.17572,-0.03577,-0.25182,0.22588,-0.76386,0.24249,0.46617,0.10661,0.42314,-0.54628,-0.23715,-0.65187,-0.077369,0.28766,0.10809,-0.45786,0.067866,-1.8636,0.1389,0.17133,0.24996,-0.6366,3.2279,0.56937,-0.653,0.055097,-0.28294,0.17188,0.17931,0.49549,0.33623,-0.49653,0.10105,0.1834,0.095534,0.049611,-0.028313,0.27312,-0.24849,0.14717,0.11502,-0.25162,-0.28654,0.1464095,-0.855545,-0.58459,0.088406995,0.19846301,-0.04884,-0.29407,0.310395,0.28542548,-0.294305,0.1404425,1.10251,0.81802,0.43400502,0.014741,0.0334785,0.89839,0.49374676,-0.80901504,1.19425,0.1527,0.194295,0.629435,0.552685,0.0049550086,-0.1944965,0.134615,1.188025,0.399625,1.114255,-0.07309,-0.534135,0.64198,0.30115,1.44895,-0.0291,1.3871,0.85325503,0.46079,0.756935,0.19673002,0.057605006,0.69698447,0.98466,0.46666998,0.57795,0.04512,0.37149802,0.1899665
22,0.62257,0.071858,0.024343,-0.12574,0.31062,-0.2258,-0.34277,0.50858,-0.13264,-0.068181,-0.21331,0.27151,-0.44914,0.076563,0.54888,0.58235,0.46806,-0.3486,-0.14855,-0.81118,0.26717,0.24443,0.016739,0.04569,0.23783,-1.9723,-0.067601,-0.50336,0.21409,-0.48434,3.5853,1.1371,-1.1428,-0.058785,0.2457,-0.16272,0.17293,0.18225,0.0188,-0.52325,-0.34459,0.035117,0.27834,0.18419,0.23106,0.13612,0.021502,0.18111,0.038953,0.23854,-0.97898,-0.29079598,-0.235315,-0.092187,0.174767,0.076865,-0.5321785,-0.43561,0.1047655,-0.556425,-0.200541,0.108616,0.21022499,0.195596,0.37894,0.347554,-0.65646505,-0.21879,0.1854755,-1.02505,0.853615,0.03366001,0.632455,-0.71959996,-0.167315,-0.92288,-0.43044996,1.31647,0.839795,-0.52559495,1.91707,-0.16495001,-0.352495,0.716325,-1.25795,0.65951,0.066586,0.924175,0.829775,-0.332925,1.079685,0.056579992,-0.21224499,0.423807,0.36948,0.13382751,-0.26016998,-0.15121499,0.50781,-0.76687
23,0.63792,-0.055240005,0.40747,-0.425785,0.093823,-0.63128996,-0.54684,0.020905003,-0.48483002,-0.4297145,-0.38019502,-0.456602,-0.31694,-0.106943496,0.40796,0.564975,0.2978535,-0.16749002,-0.74995,-0.58963,0.45029998,-0.04138501,0.125045,0.210308,0.19199401,-1.4498,0.317795,0.34798,0.458685,-0.34733,3.54295,0.483575,-0.23183,-0.209251,-0.42442,-0.1487,-0.232883,-0.038027994,-0.090344995,0.004424989,-0.21155,0.1032899,0.14054301,0.16036001,-0.104319,0.05323,0.2604825,-0.36596,-0.4416415,-0.317045,0.29625,-0.10423,-0.90177,-1.2733,0.89772,0.80714,-0.056337,-0.02582,-0.596,-0.44244,-0.84288,0.91009,0.72835,0.16501,0.32668,-0.14723,0.58904,-0.26288,-0.28602,-0.28686,0.78501,-0.46487,1.0599,-0.30554,-0.20842,-0.51949,-0.31536,0.53666,0.57259,-0.13593,0.81622,-0.79285,0.13598,0.7976,-0.055242,0.34196,-0.044785,1.0207,0.98685,-0.0075002,0.883,0.88048,0.21269,-0.99729,0.86551,1.2781,-0.28757,0.13654,-0.61384,0.84574
24,-0.062761,0.81904,-0.067769,1.0728,-0.48884,-0.53659,-0.39512,0.29684,-0.24994,-0.64616,-0.38994,-1.0181,-0.74659,0.5638,0.62756,0.84303,0.1374,-0.54534,-0.16795,-0.43048,0.18814,0.16537,-0.1674,0.59948,-0.16904,-1.1376,0.36256,0.19763,0.010075,-0.3838,3.5756,0.045535,-0.52057,0.32947,-0.36942,-0.37348,0.31756,0.81132,-0.044679,-0.79792,0.22949,-0.73993,0.90041,0.46883,0.4512,0.6644,0.24931,-0.88062,-0.042584,-0.21827,0.18543501,-0.048284993,-0.38280502,0.712375,0.390575,-0.37958503,-0.029399991,-0.036920004,0.7057862,0.17063001,0.515545,0.723665,1.073725,0.91267,-0.267295,0.031985,-0.58089,0.997035,-0.08939999,-0.808285,0.7507655,-1.2032499,0.2842355,0.459066,-0.33999,-0.600895,0.20236999,1.193085,1.050245,-0.019217,0.808564,-0.096428506,0.14401999,0.97291994,0.42161,0.672685,-0.17783499,0.837965,-0.006669998,0.289056,0.97013,-0.10214999,0.35850003,0.19758551,0.24121,0.46420997,-0.216146,0.11141501,0.8955,-0.47750503
25,0.21473,-0.12386,-0.060734,-0.48248,-0.81974,-0.01071,-0.1787,0.22899,0.46298,-0.47632,-0.71289,0.40994,0.83801,-0.19857,-0.3936,0.46907,-0.018075,0.25584,0.24752,-1.1802,0.17802,0.1188,0.99759,-0.052702,0.082076,-0.70217,-0.28571,1.1461,1.2257,-1.1676,1.2518,0.30352,-0.6073,0.11593,0.03638,0.67858,-0.13848,0.12003,1.7829,0.082811,0.058374,0.22966,0.40507,0.10633,0.27575,0.88687,0.37886,-1.0186,0.2757,0.035919,0.13869499,-0.1619455,-0.99624497,-0.584955,0.56655,0.479465,-0.140705,-0.323735,0.615395,0.0775005,-0.274895,0.22380501,0.91875005,0.71422005,0.582725,0.1959415,-0.067127004,0.65901,0.31391,-0.48124,0.58826494,-0.1199921,0.534305,0.65917003,0.459425,-0.21908,-0.2578265,0.290005,1.165175,0.197257,0.96865505,0.26628,-0.17175,0.5129,0.049769998,1.04366,-0.049480006,1.100885,0.72098005,0.364025,-0.028250009,-0.23192501,-0.195115,1.3455,1.41501,0.18149501,0.29712,-0.28816998,0.663585,0.2933915
26,0.72352,-0.4013,0.10447,-0.627,0.12117,0.7655,-0.32406,-1.1818,0.55192,0.13733,-0.086829,-0.53342,0.41268,-0.39959,0.0071817,0.41141,-0.25745,-0.4971,-0.38626,0.60265,0.21522,-0.2381,1.1205,0.15049,0.075016,-0.96559,0.15029,0.37919,1.1709,0.027733,3.0913,0.60049,0.0034446,-0.46097,-1.0319,0.050346,-0.94646,-0.094132,0.32579,0.49388,-0.29047,-0.019396,0.20585,0.28985,0.49383,0.60998,0.017378,-0.17372,0.24664,-1.0126,-0.12733501,-0.20253524,-1.030045,-0.43146753,0.6790725,0.31344998,-0.148595,-0.11601775,0.24981813,0.19473775,-0.137765,0.23267502,1.101325,0.506464,0.30970252,0.045868993,-0.12853599,0.6217025,0.3665925,-0.61695254,0.52292275,-0.59785354,0.65741754,0.75950503,0.0772775,-0.2616725,-0.43617326,0.555405,1.23581,0.15059,1.0658596,0.15805575,-0.17146,1.075785,0.06353751,0.7534875,-0.39106253,1.0608301,0.5556,0.2537705,0.51269996,0.04504,-0.38656,0.71429753,1.1004025,0.5387025,0.076257005,0.0034250095,0.38268,0.05730325
27,0.45341998,-0.465375,0.39765,-0.2515535,0.244475,0.038735002,-0.657055,0.28926998,-0.0508025,0.036189996,-0.357565,0.098453,-0.610795,0.408115,0.1267505,0.1793415,0.227366,-0.37452,-0.87172,-0.748585,0.15422,0.19017398,0.2827,0.02063001,0.39741,-1.8534501,0.37851,0.49336502,0.81076,-0.596295,3.3744001,0.509235,-0.194521,0.36886,0.02519635,-0.0683435,-0.35839,0.16123,0.207177,-0.336875,-0.29166,0.448915,0.027029999,0.113904,-0.10955,0.15376,0.250635,-0.680235,0.138707,-0.3769235,0.62396,-0.3702,0.020021,0.56817,-1.1441,0.064714,0.55457,0.4829,0.38094,-0.059257,-0.3697,1.1364,0.23668,1.1778,0.049406,0.65638,-0.67215,1.287,0.47719,-1.4377,0.5408,-0.045323,-0.40048,-0.12607,0.50633,-0.51401,0.061099,1.3432,0.87303,0.12402,-0.040265,-0.073974,-0.24551,1.1607,-0.33243,0.91823,-0.087815,0.3821,1.6784,-0.16562,0.46461,0.44502,-0.35208,1.6905,-0.5229,0.52027,0.53387,-0.81624,0.25914,-0.54924
28,0.076143,-0.24717,0.40116,-0.44052,0.47109,-0.1377,-0.71907,0.13098,-0.17572,-0.03577,-0.25182,0.22588,-0.76386,0.24249,0.46617,0.10661,0.42314,-0.54628,-0.23715,-0.65187,-0.077369,0.28766,0.10809,-0.45786,0.067866,-1.8636,0.1389,0.17133,0.24996,-0.6366,3.2279,0.56937,-0.653,0.055097,-0.28294,0.17188,0.17931,0.49549,0.33623,-0.49653,0.10105,0.1834,0.095534,0.049611,-0.028313,0.27312,-0.24849,0.14717,0.11502,-0.25162,-0.27238,0.53618,-0.062048,0.53592,-0.13899,-0.40535,0.90883,0.02142,-0.14407,-0.23733,0.18517,-0.13145,0.4223,2.1989,-0.43158,-0.25294,0.25265,0.53533,-0.97258,-0.17587,0.82987,-0.47401,2.0134,0.14725,-0.46896,-1.1566,-0.31986,0.55354,-0.21086,-0.021536,1.8872,-0.0014208,-1.4968,1.2332,-1.2964,-0.56811,-0.3521,1.2394,0.74413,0.12155,0.62048,0.036218,0.48729,-0.45166,0.22757,0.67,-0.31662,-0.76751,0.28219,-0.32346
29,0.62257,0.071858,0.024343,-0.12574,0.31062,-0.2258,-0.34277,0.50858,-0.13264,-0.068181,-0.21331,0.27151,-0.44914,0.076563,0.54888,0.58235,0.46806,-0.3486,-0.14855,-0.81118,0.26717,0.24443,0.016739,0.04569,0.23783,-1.9723,-0.067601,-0.50336,0.21409,-0.48434,3.5853,1.1371,-1.1428,-0.058785,0.2457,-0.16272,0.17293,0.18225,0.0188,-0.52325,-0.34459,0.035117,0.27834,0.18419,0.23106,0.13612,0.021502,0.18111,0.038953,0.23854,-0.28654,0.1464095,-0.855545,-0.58459,0.088406995,0.19846301,-0.04884,-0.29407,0.310395,0.28542548,-0.294305,0.1404425,1.10251,0.81802,0.43400502,0.014741,0.0334785,0.89839,0.49374676,-0.80901504,1.19425,0.1527,0.194295,0.629435,0.552685,0.0049550086,-0.1944965,0.134615,1.188025,0.399625,1.114255,-0.07309,-0.534135,0.64198,0.30115,1.44895,-0.0291,1.3871,0.85325503,0.46079,0.756935,0.19673002,0.057605006,0.69698447,0.98466,0.46666998,0.57795,0.04512,0.37149802,0.1899665
30,0.076143,-0.24717,0.40116,-0.44052,0.47109,-0.1377,-0.71907,0.13098,-0.17572,-0.03577,-0.25182,0.22588,-0.76386,0.24249,0.46617,0.10661,0.42314,-0.54628,-0.23715,-0.65187,-0.077369,0.28766,0.10809,-0.45786,0.067866,-1.8636,0.1389,0.17133,0.24996,-0.6366,3.2279,0.56937,-0.653,0.055097,-0.28294,0.17188,0.17931,0.49549,0.33623,-0.49653,0.10105,0.1834,0.095534,0.049611,-0.028313,0.27312,-0.24849,0.14717,0.11502,-0.25162,0.73034,-0.23683,-0.73585,-0.087086,0.68814,0.60322,-0.30877,-0.331,-0.44736,-1.3283,-0.6306,0.58137,0.82911,0.17155,0.62941,-0.20708,-0.15555,0.74864,0.53543,-0.8057,0.021467,-1.6985,1.6829,0.28308,-0.66105,0.20422,0.19901,1.6744,0.98759,-0.6146,0.47044,0.71119,-0.051451,0.84434,-0.12871,0.99058,-1.4823,1.3502,1.6571,-0.069724,-0.45326,-0.034689,0.02033,-0.59575,1.2373,0.96924,0.34938,0.34617,0.70377,0.46577
31,0.63792,-0.055240005,0.40747,-0.425785,0.093823,-0.63128996,-0.54684,0.020905003,-0.48483002,-0.4297145,-0.38019502,-0.456602,-0.31694,-0.106943496,0.40796,0.564975,0.2978535,-0.16749002,-0.74995,-0.58963,0.45029998,-0.04138501,0.125045,0.210308,0.19199401,-1.4498,0.317795,0.34798,0.458685,-0.34733,3.54295,0.483575,-0.23183,-0.209251,-0.42442,-0.1487,-0.232883,-0.038027994,-0.090344995,0.004424989,-0.21155,0.1032899,0.14054301,0.16036001,-0.104319,0.05323,0.2604825,-0.36596,-0.4416415,-0.317045,-0.37965,-0.14986,-0.59375,0.63008,0.0078759,1.8954,-0.27982,1.218,-0.00048091,-0.83824,-0.67979,-0.46489,-0.25277,0.12771,0.60867,-0.51856,-0.29327,-0.58281,0.74176,0.49373,-0.39846,-0.2151,0.5263,0.85978,-0.12386,-0.77494,-0.078055,-0.27362,-0.0037001,-1.1597,0.083251,-0.28309,0.34318,1.5483,-0.7061,-0.66151,-0.029549,0.83384,0.62495,-0.79127,0.75015,-0.0095972,0.38017,-0.78375,0.59944,0.64508,-0.44994,-1.0261,-1.216,1.3303
32,0.076143,-0.24717,0.40116,-0.44052,0.47109,-0.1377,-0.71907,0.13098,-0.17572,-0.03577,-0.25182,0.22588,-0.76386,0.24249,0.46617,0.10661,0.42314,-0.54628,-0.23715,-0.65187,-0.077369,0.28766,0.10809,-0.45786,0.067866,-1.8636,0.1389,0.17133,0.24996,-0.6366,3.2279,0.56937,-0.653,0.055097,-0.28294,0.17188,0.17931,0.49549,0.33623,-0.49653,0.10105,0.1834,0.095534,0.049611,-0.028313,0.27312,-0.24849,0.14717,0.11502,-0.25162,-0.17537,0.08291,-0.12942,-0.48079,0.24926,-0.3178,1.0202,0.37647,-0.44533,0.60005,-0.69931,-0.18225,0.93479,0.60394,0.64438,0.14979,0.91368,0.50846,0.046199,-0.30032,0.48496,-0.81351,1.3557,0.027105,-0.99947,-1.0667,-0.65685,0.29009,0.82502,0.40959,1.7743,-0.55731,-1.1925,1.3894,-0.39877,0.86164,-0.50823,0.93659,1.3159,-0.38863,0.23216,0.42121,0.0061265,0.86917,1.0255,0.18649,-0.24925,-1.0213,-0.2545,-0.82867
33,0.39621,0.15996,0.46712,0.18459,1.1826,-0.29844,-0.44587,0.13879,-0.79038,-0.21838,-0.33809,-0.68331,-0.37921,-0.11752,0.042039,0.48018,-0.012653,-0.45736,-0.77084,-0.047438,0.31252,0.5868,0.11256,-0.25544,0.13935,-1.3885,0.66674,0.28422,0.14652,0.21721,3.2838,-0.064245,0.087545,0.059236,0.18729,-0.7151,-0.45676,0.42607,-0.075389,-0.21992,-0.12417,0.12843,0.33174,0.089882,-0.15063,-0.08294,-0.066774,-0.19275,0.24453,-0.28937,0.18309,-0.028293,0.082406,-0.12592,0.89255,0.22503,-0.10855,0.1511,-1.3752,-1.4432,-0.64949,0.16625,-0.23802,1.5123,0.092798,0.55496,-0.29669,-0.59197,1.2212,-0.26558,0.88783,-0.14111,0.28922,-0.69484,-0.54065,-1.1133,0.30539,-0.032568,-1.2947,1.2418,2.6644,0.031051,-1.3173,-0.027633,0.17796,0.4314,0.66676,-0.065272,-0.1495,-0.44485,-0.95383,0.41872,-0.99088,-0.61351,-0.14069,0.24595,-1.069,0.84131,0.81254,-0.25113
34,0.076143,-0.24717,0.40116,-0.44052,0.47109,-0.1377,-0.71907,0.13098,-0.17572,-0.03577,-0.25182,0.22588,-0.76386,0.24249,0.46617,0.10661,0.42314,-0.54628,-0.23715,-0.65187,-0.077369,0.28766,0.10809,-0.45786,0.067866,-1.8636,0.1389,0.17133,0.24996,-0.6366,3.2279,0.56937,-0.653,0.055097,-0.28294,0.17188,0.17931,0.49549,0.33623,-0.49653,0.10105,0.1834,0.095534,0.049611,-0.028313,0.27312,-0.24849,0.14717,0.11502,-0.25162,-0.37436,-0.11959,-0.87609,-1.1217,1.2788,0.48323,-0.53903,0.053659,-0.23929,-0.12414,-0.42583,-0.27509,1.139,-0.014324,0.47665,-0.083337,0.15226,0.25682,0.67657,-0.83238,0.88473,-0.83593,1.0244,0.79069,-0.27765,-0.10789,-0.69624,0.66464,1.7969,0.12674,2.2994,0.11488,-0.46407,2.3384,-0.50165,0.38362,-0.90069,1.1488,1.1098,0.33288,1.0195,0.24056,-0.77281,-0.18051,0.9214,0.97842,-0.23098,-0.10138,-0.51135,-0.18633
35,0.62257,0.071858,0.024343,-0.12574,0.31062,-0.2258,-0.34277,0.50858,-0.13264,-0.068181,-0.21331,0.27151,-0.44914,0.076563,0.54888,0.58235,0.46806,-0.3486,-0.14855,-0.81118,0.26717,0.24443,0.016739,0.04569,0.23783,-1.9723,-0.067601,-0.50336,0.21409,-0.48434,3.5853,1.1371,-1.1428,-0.058785,0.2457,-0.16272,0.17293,0.18225,0.0188,-0.52325,-0.34459,0.035117,0.27834,0.18419,0.23106,0.13612,0.021502,0.18111,0.038953,0.23854,-0.37436,-0.11959,-0.87609,-1.1217,1.2788,0.48323,-0.53903,0.053659,-0.23929,-0.12414,-0.42583,-0.27509,1.139,-0.014324,0.47665,-0.083337,0.15226,0.25682,0.67657,-0.83238,0.88473,-0.83593,1.0244,0.79069,-0.27765,-0.10789,-0.69624,0.66464,1.7969,0.12674,2.2994,0.11488,-0.46407,2.3384,-0.50165,0.38362,-0.90069,1.1488,1.1098,0.33288,1.0195,0.24056,-0.77281,-0.18051,0.9214,0.97842,-0.23098,-0.10138,-0.51135,-0.18633
36,0.39621,0.15996,0.46712,0.18459,1.1826,-0.29844,-0.44587,0.13879,-0.79038,-0.21838,-0.33809,-0.68331,-0.37921,-0.11752,0.042039,0.48018,-0.012653,-0.45736,-0.77084,-0.047438,0.31252,0.5868,0.11256,-0.25544,0.13935,-1.3885,0.66674,0.28422,0.14652,0.21721,3.2838,-0.064245,0.087545,0.059236,0.18729,-0.7151,-0.45676,0.42607,-0.075389,-0.21992,-0.12417,0.12843,0.33174,0.089882,-0.15063,-0.08294,-0.066774,-0.19275,0.24453,-0.28937,0.18543501,-0.048284993,-0.38280502,0.712375,0.390575,-0.37958503,-0.029399991,-0.036920004,0.7057862,0.17063001,0.515545,0.723665,1.073725,0.91267,-0.267295,0.031985,-0.58089,0.997035,-0.08939999,-0.808285,0.7507655,-1.2032499,0.2842355,0.459066,-0.33999,-0.600895,0.20236999,1.193085,1.050245,-0.019217,0.808564,-0.096428506,0.14401999,0.97291994,0.42161,0.672685,-0.17783499,0.837965,-0.006669998,0.289056,0.97013,-0.10214999,0.35850003,0.19758551,0.24121,0.46420997,-0.216146,0.11141501,0.8955,-0.47750503
37,-0.062761,0.81904,-0.067769,1.0728,-0.48884,-0.53659,-0.39512,0.29684,-0.24994,-0.64616,-0.38994,-1.0181,-0.74659,0.5638,0.62756,0.84303,0.1374,-0.54534,-0.16795,-0.43048,0.18814,0.16537,-0.1674,0.59948,-0.16904,-1.1376,0.36256,0.19763,0.010075,-0.3838,3.5756,0.045535,-0.52057,0.32947,-0.36942,-0.37348,0.31756,0.81132,-0.044679,-0.79792,0.22949,-0.73993,0.90041,0.46883,0.4512,0.6644,0.24931,-0.88062,-0.042584,-0.21827,-0.15165001,-0.0554315,0.49233,-0.517635,0.796585,-0.55193996,0.081266,0.0914805,0.501885,-0.214485,-0.219016,0.15706,-0.2768185,1.243,0.56054497,0.70619,-0.496705,0.446085,0.92714,-0.41824,0.876485,-0.134204,0.29112,0.66293,-0.36467502,-0.460305,-0.7851,1.11675,0.96237993,-0.454175,0.211143,0.38472372,-0.007939994,0.73615,0.20593314,1.4310501,-0.044929996,0.742255,0.994125,-0.352828,0.59801,0.1171445,-0.2984165,0.481145,-0.055250004,0.19847499,0.85566497,-0.094110504,0.10656,-0.5488
38,0.21473,-0.12386,-0.060734,-0.48248,-0.81974,-0.01071,-0.1787,0.22899,0.46298,-0.47632,-0.71289,0.40994,0.83801,-0.19857,-0.3936,0.46907,-0.018075,0.25584,0.24752,-1.1802,0.17802,0.1188,0.99759,-0.052702,0.082076,-0.70217,-0.28571,1.1461,1.2257,-1.1676,1.2518,0.30352,-0.6073,0.11593,0.03638,0.67858,-0.13848,0.12003,1.7829,0.082811,0.058374,0.22966,0.40507,0.10633,0.27575,0.88687,0.37886,-1.0186,0.2757,0.035919,0.088068,-0.42703,0.21275,-0.46137,0.88653,0.31964,-0.0094923,0.12259,-0.011234,-0.2113,-0.11769,0.085932,-0.54004,0.27666,-0.074244,0.11298,-0.31362,-0.30666,0.13833,-0.99789,-0.10509,0.56499,0.30105,-0.60911,0.21528,-1.9955,-0.23075,0.36169,0.36569,-0.83593,3.1593,0.38484,-0.58786,0.30266,-0.080106,0.7723,0.14527,0.54844,0.13905,-0.15815,0.37559,0.64325,-0.35815,0.2687,0.37035,-0.12839,0.14046,-0.37389,-0.24085,-0.80756
39,0.076143,-0.24717,0.40116,-0.44052,0.47109,-0.1377,-0.71907,0.13098,-0.17572,-0.03577,-0.25182,0.22588,-0.76386,0.24249,0.46617,0.10661,0.42314,-0.54628,-0.23715,-0.65187,-0.077369,0.28766,0.10809,-0.45786,0.067866,-1.8636,0.1389,0.17133,0.24996,-0.6366,3.2279,0.56937,-0.653,0.055097,-0.28294,0.17188,0.17931,0.49549,0.33623,-0.49653,0.10105,0.1834,0.095534,0.049611,-0.028313,0.27312,-0.24849,0.14717,0.11502,-0.25162,0.23709,-0.49856,-1.0792,0.44938,0.65129,-0.020827,-0.23581,-0.077086,-0.42917,0.34349,-0.46078,0.15058,1.6908,0.081415,0.38058,-0.82966,-0.35473,0.84396,0.12697,-0.76117,-0.28762,-1.7802,1.5353,0.15333,-0.7707,0.016573,-0.030927,1.0941,1.1166,-0.6066,1.5888,-0.17859,-0.5575,1.2147,-0.093447,0.62139,-1.3918,1.2802,1.3941,-0.75228,0.29648,0.035917,-0.35889,-0.6431,1.3935,1.1953,0.52134,0.090659,-0.016261,0.38762
40,0.62257,0.071858,0.024343,-0.12574,0.31062,-0.2258,-0.34277,0.50858,-0.13264,-0.068181,-0.21331,0.27151,-0.44914,0.076563,0.54888,0.58235,0.46806,-0.3486,-0.14855,-0.81118,0.26717,0.24443,0.016739,0.04569,0.23783,-1.9723,-0.067601,-0.50336,0.21409,-0.48434,3.5853,1.1371,-1.1428,-0.058785,0.2457,-0.16272,0.17293,0.18225,0.0188,-0.52325,-0.34459,0.035117,0.27834,0.18419,0.23106,0.13612,0.021502,0.18111,0.038953,0.23854,0.14117002,-0.372755,-0.60230505,0.6922,0.40049,-0.341975,0.102070004,0.39431497,0.790485,0.009554997,0.4417,0.643165,1.193025,0.49490502,-0.272735,-0.07728499,-0.531255,0.702685,-0.155893,-0.896335,0.66820997,-0.46730998,0.4182305,0.214111,-0.35325,-0.356658,0.77026,0.934515,1.553,-0.176845,1.39685,-0.050413504,-0.24961,1.0306,0.37432998,0.772565,-0.205315,0.724795,0.86991,0.09566501,1.2477801,-0.18327,0.75613505,0.1875305,0.113675,1.00541,0.06447999,0.45590496,0.508567,-0.119605005
41,0.62257,0.071858,0.024343,-0.12574,0.31062,-0.2258,-0.34277,0.50858,-0.13264,-0.068181,-0.21331,0.27151,-0.44914,0.076563,0.54888,0.58235,0.46806,-0.3486,-0.14855,-0.81118,0.26717,0.24443,0.016739,0.04569,0.23783,-1.9723,-0.067601,-0.50336,0.21409,-0.48434,3.5853,1.1371,-1.1428,-0.058785,0.2457,-0.16272,0.17293,0.18225,0.0188,-0.52325,-0.34459,0.035117,0.27834,0.18419,0.23106,0.13612,0.021502,0.18111,0.038953,0.23854,-0.79369,0.9335,-1.0079,1.5016,-0.062723,0.046939,-0.50436,0.78024,-0.16348,-0.70975,0.35398,0.10296,-1.4806,-0.23233,1.6119,0.077421,0.83382,0.33618,-2.0191,-0.81478,-0.33773,-0.62924,1.2924,0.50378,-0.60183,-0.92155,0.001735,0.44196,-0.2563,0.22931,2.4195,1.4082,-0.73974,1.2117,0.18825,0.32892,-0.049844,1.7873,-0.15832,-1.817,0.52693,-0.61315,-0.088176,-0.70393,0.23619,1.8849,-0.058655,0.1829,0.2223,-1.1195
42,0.32985333,-0.05043367,0.40262,-0.24795668,0.30486667,0.6095927,-0.02723,0.275856,-0.21318203,-0.51355004,-0.38432336,-0.27851132,-0.45283332,0.38765335,-0.18289,0.48665667,0.6390833,-0.38702264,0.09711667,-0.51392335,0.061005533,-0.032959998,0.29679665,0.27933532,0.30007002,-0.8772733,-0.14784734,0.21593165,0.79549,-0.37367666,2.5197334,0.60241663,-0.31865,0.18674165,-0.46932003,0.08293667,-0.7444167,0.030153668,-0.020713666,-0.009406666,-0.21435034,-0.099429995,0.15918668,0.03420067,-0.23307002,0.37521067,0.38322,-0.141367,-0.46375,-0.6784434,0.73034,-0.23683,-0.73585,-0.087086,0.68814,0.60322,-0.30877,-0.331,-0.44736,-1.3283,-0.6306,0.58137,0.82911,0.17155,0.62941,-0.20708,-0.15555,0.74864,0.53543,-0.8057,0.021467,-1.6985,1.6829,0.28308,-0.66105,0.20422,0.19901,1.6744,0.98759,-0.6146,0.47044,0.71119,-0.051451,0.84434,-0.12871,0.99058,-1.4823,1.3502,1.6571,-0.069724,-0.45326,-0.034689,0.02033,-0.59575,1.2373,0.96924,0.34938,0.34617,0.70377,0.46577
43,0.076143,-0.24717,0.40116,-0.44052,0.47109,-0.1377,-0.71907,0.13098,-0.17572,-0.03577,-0.25182,0.22588,-0.76386,0.24249,0.46617,0.10661,0.42314,-0.54628,-0.23715,-0.65187,-0.077369,0.28766,0.10809,-0.45786,0.067866,-1.8636,0.1389,0.17133,0.24996,-0.6366,3.2279,0.56937,-0.653,0.055097,-0.28294,0.17188,0.17931,0.49549,0.33623,-0.49653,0.10105,0.1834,0.095534,0.049611,-0.028313,0.27312,-0.24849,0.14717,0.11502,-0.25162,-0.79369,0.9335,-1.0079,1.5016,-0.062723,0.046939,-0.50436,0.78024,-0.16348,-0.70975,0.35398,0.10296,-1.4806,-0.23233,1.6119,0.077421,0.83382,0.33618,-2.0191,-0.81478,-0.33773,-0.62924,1.2924,0.50378,-0.60183,-0.92155,0.001735,0.44196,-0.2563,0.22931,2.4195,1.4082,-0.73974,1.2117,0.18825,0.32892,-0.049844,1.7873,-0.15832,-1.817,0.52693,-0.61315,-0.088176,-0.70393,0.23619,1.8849,-0.058655,0.1829,0.2223,-1.1195
44,0.62257,0.071858,0.024343,-0.12574,0.31062,-0.2258,-0.34277,0.50858,-0.13264,-0.068181,-0.21331,0.27151,-0.44914,0.076563,0.54888,0.58235,0.46806,-0.3486,-0.14855,-0.81118,0.26717,0.24443,0.016739,0.04569,0.23783,-1.9723,-0.067601,-0.50336,0.21409,-0.48434,3.5853,1.1371,-1.1428,-0.058785,0.2457,-0.16272,0.17293,0.18225,0.0188,-0.52325,-0.34459,0.035117,0.27834,0.18419,0.23106,0.13612,0.021502,0.18111,0.038953,0.23854,-0.17537,0.08291,-0.12942,-0.48079,0.24926,-0.3178,1.0202,0.37647,-0.44533,0.60005,-0.69931,-0.18225,0.93479,0.60394,0.64438,0.14979,0.91368,0.50846,0.046199,-0.30032,0.48496,-0.81351,1.3557,0.027105,-0.99947,-1.0667,-0.65685,0.29009,0.82502,0.40959,1.7743,-0.55731,-1.1925,1.3894,-0.39877,0.86164,-0.50823,0.93659,1.3159,-0.38863,0.23216,0.42121,0.0061265,0.86917,1.0255,0.18649,-0.24925,-1.0213,-0.2545,-0.82867
45,0.13824001,-0.69580996,0.457596,-0.40766498,-0.32077998,-0.024386,0.352338,-0.275885,0.69953,0.42562997,-0.36399,-0.052494995,-0.0085970005,0.218965,-0.0572632,0.388621,0.68922997,0.100235,0.459835,-0.38800997,-0.10516499,0.190835,0.58906996,-0.78745,-0.1820655,-0.94635004,-0.126415,0.51630497,1.046965,-0.425975,2.27025,0.51458,-1.08748,0.28412402,-0.74524003,0.78613997,-0.13624501,0.320955,0.600335,-0.87408,-0.1840485,-0.34803,0.37244,0.0682775,0.275755,0.20971349,-0.18741499,-0.256219,0.548875,-0.3923997,0.25451,-1.1398,-0.14776,-0.36474,0.061782,-0.21596,0.46333,-0.669,0.35798,0.3315,-0.20971,-0.089666,-0.30711,0.19169,-0.73594,-0.037106,-0.18594,-0.46726,-0.19275,-0.53184,0.57579,-0.24715,-0.12255,-0.30124,-0.7901,-1.8116,0.23564,-0.068736,0.64154,0.27225,2.4619,0.37999,-0.65953,-0.26312,-0.4338,0.18784,-0.4782,-0.056999,-0.48857,0.024129,0.44845,0.55315,0.12754,0.28111,1.2432,0.4342,0.18168,0.7238,0.2245,0.085569
46,0.62257,0.071858,0.024343,-0.12574,0.31062,-0.2258,-0.34277,0.50858,-0.13264,-0.068181,-0.21331,0.27151,-0.44914,0.076563,0.54888,0.58235,0.46806,-0.3486,-0.14855,-0.81118,0.26717,0.24443,0.016739,0.04569,0.23783,-1.9723,-0.067601,-0.50336,0.21409,-0.48434,3.5853,1.1371,-1.1428,-0.058785,0.2457,-0.16272,0.17293,0.18225,0.0188,-0.52325,-0.34459,0.035117,0.27834,0.18419,0.23106,0.13612,0.021502,0.18111,0.038953,0.23854,0.20444001,0.07525001,-0.19505,-0.13134503,0.87778,-0.043790013,-0.411945,-0.0749605,0.582255,-0.26548502,0.09035,0.20702998,0.928825,0.59963804,0.172675,0.0528515,-0.23868501,0.66946,0.167895,-0.888,1.177915,-0.963465,0.5281055,0.389916,-0.31277,-0.40452,0.12064999,1.03692,1.5407,0.0035999976,1.9449,-0.03138,-0.14888,1.6726499,-0.157345,0.59299,-0.34588,0.96599,0.71291,0.47842002,0.93598,-0.183595,0.16369504,-0.0660195,0.37681502,0.54672,-0.30252,-0.284985,0.282375,-0.48505002
47,0.62257,0.071858,0.024343,-0.12574,0.31062,-0.2258,-0.34277,0.50858,-0.13264,-0.068181,-0.21331,0.27151,-0.44914,0.076563,0.54888,0.58235,0.46806,-0.3486,-0.14855,-0.81118,0.26717,0.24443,0.016739,0.04569,0.23783,-1.9723,-0.067601,-0.50336,0.21409,-0.48434,3.5853,1.1371,-1.1428,-0.058785,0.2457,-0.16272,0.17293,0.18225,0.0188,-0.52325,-0.34459,0.035117,0.27834,0.18419,0.23106,0.13612,0.021502,0.18111,0.038953,0.23854,0.23709,-0.49856,-1.0792,0.44938,0.65129,-0.020827,-0.23581,-0.077086,-0.42917,0.34349,-0.46078,0.15058,1.6908,0.081415,0.38058,-0.82966,-0.35473,0.84396,0.12697,-0.76117,-0.28762,-1.7802,1.5353,0.15333,-0.7707,0.016573,-0.030927,1.0941,1.1166,-0.6066,1.5888,-0.17859,-0.5575,1.2147,-0.093447,0.62139,-1.3918,1.2802,1.3941,-0.75228,0.29648,0.035917,-0.35889,-0.6431,1.3935,1.1953,0.52134,0.090659,-0.016261,0.38762
48,0.62257,0.071858,0.024343,-0.12574,0.31062,-0.2258,-0.34277,0.50858,-0.13264,-0.068181,-0.21331,0.27151,-0.44914,0.076563,0.54888,0.58235,0.46806,-0.3486,-0.14855,-0.81118,0.26717,0.24443,0.016739,0.04569,0.23783,-1.9723,-0.067601,-0.50336,0.21409,-0.48434,3.5853,1.1371,-1.1428,-0.058785,0.2457,-0.16272,0.17293,0.18225,0.0188,-0.52325,-0.34459,0.035117,0.27834,0.18419,0.23106,0.13612,0.021502,0.18111,0.038953,0.23854,-0.27238,0.53618,-0.062048,0.53592,-0.13899,-0.40535,0.90883,0.02142,-0.14407,-0.23733,0.18517,-0.13145,0.4223,2.1989,-0.43158,-0.25294,0.25265,0.53533,-0.97258,-0.17587,0.82987,-0.47401,2.0134,0.14725,-0.46896,-1.1566,-0.31986,0.55354,-0.21086,-0.021536,1.8872,-0.0014208,-1.4968,1.2332,-1.2964,-0.56811,-0.3521,1.2394,0.74413,0.12155,0.62048,0.036218,0.48729,-0.45166,0.22757,0.67,-0.31662,-0.76751,0.28219,-0.32346
49,0.63792,-0.055240005,0.40747,-0.425785,0.093823,-0.63128996,-0.54684,0.020905003,-0.48483002,-0.4297145,-0.38019502,-0.456602,-0.31694,-0.106943496,0.40796,0.564975,0.2978535,-0.16749002,-0.74995,-0.58963,0.45029998,-0.04138501,0.125045,0.210308,0.19199401,-1.4498,0.317795,0.34798,0.458685,-0.34733,3.54295,0.483575,-0.23183,-0.209251,-0.42442,-0.1487,-0.232883,-0.038027994,-0.090344995,0.004424989,-0.21155,0.1032899,0.14054301,0.16036001,-0.104319,0.05323,0.2604825,-0.36596,-0.4416415,-0.317045,-0.27238,0.53618,-0.062048,0.53592,-0.13899,-0.40535,0.90883,0.02142,-0.14407,-0.23733,0.18517,-0.13145,0.4223,2.1989,-0.43158,-0.25294,0.25265,0.53533,-0.97258,-0.17587,0.82987,-0.47401,2.0134,0.14725,-0.46896,-1.1566,-0.31986,0.55354,-0.21086,-0.021536,1.8872,-0.0014208,-1.4968,1.2332,-1.2964,-0.56811,-0.3521,1.2394,0.74413,0.12155,0.62048,0.036218,0.48729,-0.45166,0.22757,0.67,-0.31662,-0.76751,0.28219,-0.32346
50,0.21473,-0.12386,-0.060734,-0.48248,-0.81974,-0.01071,-0.1787,0.22899,0.46298,-0.47632,-0.71289,0.40994,0.83801,-0.19857,-0.3936,0.46907,-0.018075,0.25584,0.24752,-1.1802,0.17802,0.1188,0.99759,-0.052702,0.082076,-0.70217,-0.28571,1.1461,1.2257,-1.1676,1.2518,0.30352,-0.6073,0.11593,0.03638,0.67858,-0.13848,0.12003,1.7829,0.082811,0.058374,0.22966,0.40507,0.10633,0.27575,0.88687,0.37886,-1.0186,0.2757,0.035919,0.1579735,-0.530845,0.12531,-0.47846502,-0.102955,0.33686,-0.49941,-0.42707002,0.452515,-0.6877265,-0.21026,0.160335,-0.24289499,0.176148,-0.0760745,0.1059195,-0.04040499,0.206265,0.056514993,-1.10575,0.953735,-0.322601,-0.1830185,-0.5898,-0.469795,-1.4566,0.28702998,0.236972,-0.41374,-0.19692,2.93355,0.339988,-0.35303316,0.033450007,-0.24338001,-0.20623001,0.05247499,0.27728552,0.58151,-0.163343,-0.46183002,-0.0941905,0.097834,0.2139745,-0.28785497,0.044324994,-0.15807499,0.42305,0.004394993,0.24028
51,0.076143,-0.24717,0.40116,-0.44052,0.47109,-0.1377,-0.71907,0.13098,-0.17572,-0.03577,-0.25182,0.22588,-0.76386,0.24249,0.46617,0.10661,0.42314,-0.54628,-0.23715,-0.65187,-0.077369,0.28766,0.10809,-0.45786,0.067866,-1.8636,0.1389,0.17133,0.24996,-0.6366,3.2279,0.56937,-0.653,0.055097,-0.28294,0.17188,0.17931,0.49549,0.33623,-0.49653,0.10105,0.1834,0.095534,0.049611,-0.028313,0.27312,-0.24849,0.14717,0.11502,-0.25162,0.20444001,0.07525001,-0.19505,-0.13134503,0.87778,-0.043790013,-0.411945,-0.0749605,0.582255,-0.26548502,0.09035,0.20702998,0.928825,0.59963804,0.172675,0.0528515,-0.23868501,0.66946,0.167895,-0.888,1.177915,-0.963465,0.5281055,0.389916,-0.31277,-0.40452,0.12064999,1.03692,1.5407,0.0035999976,1.9449,-0.03138,-0.14888,1.6726499,-0.157345,0.59299,-0.34588,0.96599,0.71291,0.47842002,0.93598,-0.183595,0.16369504,-0.0660195,0.37681502,0.54672,-0.30252,-0.284985,0.282375,-0.48505002
52,0.62257,0.071858,0.024343,-0.12574,0.31062,-0.2258,-0.34277,0.50858,-0.13264,-0.068181,-0.21331,0.27151,-0.44914,0.076563,0.54888,0.58235,0.46806,-0.3486,-0.14855,-0.81118,0.26717,0.24443,0.016739,0.04569,0.23783,-1.9723,-0.067601,-0.50336,0.21409,-0.48434,3.5853,1.1371,-1.1428,-0.058785,0.2457,-0.16272,0.17293,0.18225,0.0188,-0.52325,-0.34459,0.035117,0.27834,0.18419,0.23106,0.13612,0.021502,0.18111,0.038953,0.23854,0.29814,-0.041316,-0.86713,0.55826,-0.012917,0.67058,0.057918,-0.15532,0.59314,0.14846,0.4472,1.0698,1.329,0.88783,-0.26819,0.95922,0.55345,0.50764,-0.54724,-0.80018,-0.012486,0.47236,0.84905,-0.63239,0.41898,0.67109,-0.45423,0.73178,0.95568,0.22586,0.65017,-0.48772,-0.52737,1.3535,-0.31084,0.5522,0.18689,0.15873,0.88421,-0.20244,0.40051,-0.069845,-0.1894,0.96116,0.65797,0.08588,-0.23187,-1.2542,0.35952,-0.45821
53,0.62257,0.071858,0.024343,-0.12574,0.31062,-0.2258,-0.34277,0.50858,-0.13264,-0.068181,-0.21331,0.27151,-0.44914,0.076563,0.54888,0.58235,0.46806,-0.3486,-0.14855,-0.81118,0.26717,0.24443,0.016739,0.04569,0.23783,-1.9723,-0.067601,-0.50336,0.21409,-0.48434,3.5853,1.1371,-1.1428,-0.058785,0.2457,-0.16272,0.17293,0.18225,0.0188,-0.52325,-0.34459,0.035117,0.27834,0.18419,0.23106,0.13612,0.021502,0.18111,0.038953,0.23854,0.73034,-0.23683,-0.73585,-0.087086,0.68814,0.60322,-0.30877,-0.331,-0.44736,-1.3283,-0.6306,0.58137,0.82911,0.17155,0.62941,-0.20708,-0.15555,0.74864,0.53543,-0.8057,0.021467,-1.6985,1.6829,0.28308,-0.66105,0.20422,0.19901,1.6744,0.98759,-0.6146,0.47044,0.71119,-0.051451,0.84434,-0.12871,0.99058,-1.4823,1.3502,1.6571,-0.069724,-0.45326,-0.034689,0.02033,-0.59575,1.2373,0.96924,0.34938,0.34617,0.70377,0.46577
54,0.62257,0.071858,0.024343,-0.12574,0.31062,-0.2258,-0.34277,0.50858,-0.13264,-0.068181,-0.21331,0.27151,-0.44914,0.076563,0.54888,0.58235,0.46806,-0.3486,-0.14855,-0.81118,0.26717,0.24443,0.016739,0.04569,0.23783,-1.9723,-0.067601,-0.50336,0.21409,-0.48434,3.5853,1.1371,-1.1428,-0.058785,0.2457,-0.16272,0.17293,0.18225,0.0188,-0.52325,-0.34459,0.035117,0.27834,0.18419,0.23106,0.13612,0.021502,0.18111,0.038953,0.23854,0.0099727,0.27951,-0.92119,0.0087638,0.71206,-0.29834,0.60247,-0.13617,-1.0734,-0.088431,-1.0597,0.38107,1.1156,0.27397,-0.55001,-0.29295,0.028922,0.40802,-0.59995,-0.19854,0.26314,-1.734,1.8612,0.18616,-1.2123,-0.058504,0.37557,1.7417,1.0782,-0.72126,1.514,-0.51227,0.2119,0.95161,-0.63633,0.65343,-1.0067,0.5847,0.63047,-0.96966,1.2346,-0.05274,-0.61803,-0.56434,1.2664,1.7918,0.58051,-0.17542,-0.42648,-0.10229
55,0.076143,-0.24717,0.40116,-0.44052,0.47109,-0.1377,-0.71907,0.13098,-0.17572,-0.03577,-0.25182,0.22588,-0.76386,0.24249,0.46617,0.10661,0.42314,-0.54628,-0.23715,-0.65187,-0.077369,0.28766,0.10809,-0.45786,0.067866,-1.8636,0.1389,0.17133,0.24996,-0.6366,3.2279,0.56937,-0.653,0.055097,-0.28294,0.17188,0.17931,0.49549,0.33623,-0.49653,0.10105,0.1834,0.095534,0.049611,-0.028313,0.27312,-0.24849,0.14717,0.11502,-0.25162,0.29814,-0.041316,-0.86713,0.55826,-0.012917,0.67058,0.057918,-0.15532,0.59314,0.14846,0.4472,1.0698,1.329,0.88783,-0.26819,0.95922,0.55345,0.50764,-0.54724,-0.80018,-0.012486,0.47236,0.84905,-0.63239,0.41898,0.67109,-0.45423,0.73178,0.95568,0.22586,0.65017,-0.48772,-0.52737,1.3535,-0.31084,0.5522,0.18689,0.15873,0.88421,-0.20244,0.40051,-0.069845,-0.1894,0.96116,0.65797,0.08588,-0.23187,-1.2542,0.35952,-0.45821
56,0.32985333,-0.05043367,0.40262,-0.24795668,0.30486667,0.6095927,-0.02723,0.275856,-0.21318203,-0.51355004,-0.38432336,-0.27851132,-0.45283332,0.38765335,-0.18289,0.48665667,0.6390833,-0.38702264,0.09711667,-0.51392335,0.061005533,-0.032959998,0.29679665,0.27933532,0.30007002,-0.8772733,-0.14784734,0.21593165,0.79549,-0.37367666,2.5197334,0.60241663,-0.31865,0.18674165,-0.46932003,0.08293667,-0.7444167,0.030153668,-0.020713666,-0.009406666,-0.21435034,-0.099429995,0.15918668,0.03420067,-0.23307002,0.37521067,0.38322,-0.141367,-0.46375,-0.6784434,-0.97898,-0.29079598,-0.235315,-0.092187,0.174767,0.076865,-0.5321785,-0.43561,0.1047655,-0.556425,-0.200541,0.108616,0.21022499,0.195596,0.37894,0.347554,-0.65646505,-0.21879,0.1854755,-1.02505,0.853615,0.03366001,0.632455,-0.71959996,-0.167315,-0.92288,-0.43044996,1.31647,0.839795,-0.52559495,1.91707,-0.16495001,-0.352495,0.716325,-1.25795,0.65951,0.066586,0.924175,0.829775,-0.332925,1.079685,0.056579992,-0.21224499,0.423807,0.36948,0.13382751,-0.26016998,-0.15121499,0.50781,-0.76687
57,-0.062761,0.81904,-0.067769,1.0728,-0.48884,-0.53659,-0.39512,0.29684,-0.24994,-0.64616,-0.38994,-1.0181,-0.74659,0.5638,0.62756,0.84303,0.1374,-0.54534,-0.16795,-0.43048,0.18814,0.16537,-0.1674,0.59948,-0.16904,-1.1376,0.36256,0.19763,0.010075,-0.3838,3.5756,0.045535,-0.52057,0.32947,-0.36942,-0.37348,0.31756,0.81132,-0.044679,-0.79792,0.22949,-0.73993,0.90041,0.46883,0.4512,0.6644,0.24931,-0.88062,-0.042584,-0.21827,-0.008193,-0.4146,0.30659,-0.32049,-0.30008,-0.27988,0.031536,0.12008,0.079595,0.19008,0.23689,0.39983,0.49727,0.81297,0.094326,0.57791,-0.58447,1.3849,0.46418,-0.7319,0.81473,0.37065,0.047727,0.47125,-0.1009,-0.13617,-0.20714,0.7274,1.8154,0.28328,-0.1651,0.32393,-0.63546,0.83667,0.94258,1.2873,-0.041839,1.1848,1.5553,0.054968,0.49868,0.48114,0.067032,0.55339,-0.16154,0.23406,0.44743,-0.28076,0.80555,0.2835
58,0.62257,0.071858,0.024343,-0.12574,0.31062,-0.2258,-0.34277,0.50858,-0.13264,-0.068181,-0.21331,0.27151,-0.44914,0.076563,0.54888,0.58235,0.46806,-0.3486,-0.14855,-0.81118,0.26717,0.24443,0.016739,0.04569,0.23783,-1.9723,-0.067601,-0.50336,0.21409,-0.48434,3.5853,1.1371,-1.1428,-0.058785,0.2457,-0.16272,0.17293,0.18225,0.0188,-0.52325,-0.34459,0.035117,0.27834,0.18419,0.23106,0.13612,0.021502,0.18111,0.038953,0.23854,0.36466852,-0.019309998,-0.42125502,0.21279499,0.397275,0.475795,-0.49067998,-0.120333,0.28298,-0.16636151,0.15060501,0.25542498,0.976175,0.6495365,0.02116,-0.00048499554,-0.13028002,0.78832,-0.1825455,-0.9985601,0.9974,-1.11995,0.4913705,0.571471,-0.43537498,-0.42523,-0.019300014,1.4001999,1.041625,-0.42044,1.56575,-0.16846001,-0.06920501,1.3666999,0.1591,0.3741685,-0.266595,1.22909,1.13311,0.04561001,0.99418,-0.20374,0.561325,-0.1726595,0.44656497,0.85001004,-0.097585,-0.016515002,0.878855,-0.35878402
59,0.62257,0.071858,0.024343,-0.12574,0.31062,-0.2258,-0.34277,0.50858,-0.13264,-0.068181,-0.21331,0.27151,-0.44914,0.076563,0.54888,0.58235,0.46806,-0.3486,-0.14855,-0.81118,0.26717,0.24443,0.016739,0.04569,0.23783,-1.9723,-0.067601,-0.50336,0.21409,-0.48434,3.5853,1.1371,-1.1428,-0.058785,0.2457,-0.16272,0.17293,0.18225,0.0188,-0.52325,-0.34459,0.035117,0.27834,0.18419,0.23106,0.13612,0.021502,0.18111,0.038953,0.23854,0.530995,0.04307501,0.60767496,0.634925,0.453,-0.528315,-0.45137,-0.044970002,1.02714,0.18520498,0.539895,0.5144,0.66538,0.70451504,0.012565002,0.30953002,0.048209995,0.59791005,-0.44088,-0.844165,1.3943,-0.96906495,0.4274305,-0.75552905,-0.50662,-1.075475,0.69481003,1.16224,1.3785,0.64473003,2.4035,-0.387865,0.055128,0.911765,0.075913996,0.16805,-0.785585,0.554235,0.70486003,0.471345,0.31386,-0.06395,0.99467003,-0.5101145,0.011244997,0.336525,-0.73383003,0.23604001,0.5103385,-0.80716
60,0.076143,-0.24717,0.40116,-0.44052,0.47109,-0.1377,-0.71907,0.13098,-0.17572,-0.03577,-0.25182,0.22588,-0.76386,0.24249,0.46617,0.10661,0.42314,-0.54628,-0.23715,-0.65187,-0.077369,0.28766,0.10809,-0.45786,0.067866,-1.8636,0.1389,0.17133,0.24996,-0.6366,3.2279,0.56937,-0.653,0.055097,-0.28294,0.17188,0.17931,0.49549,0.33623,-0.49653,0.10105,0.1834,0.095534,0.049611,-0.028313,0.27312,-0.24849,0.14717,0.11502,-0.25162,0.14117002,-0.372755,-0.60230505,0.6922,0.40049,-0.341975,0.102070004,0.39431497,0.790485,0.009554997,0.4417,0.643165,1.193025,0.49490502,-0.272735,-0.07728499,-0.531255,0.702685,-0.155893,-0.896335,0.66820997,-0.46730998,0.4182305,0.214111,-0.35325,-0.356658,0.77026,0.934515,1.553,-0.176845,1.39685,-0.050413504,-0.24961,1.0306,0.37432998,0.772565,-0.205315,0.724795,0.86991,0.09566501,1.2477801,-0.18327,0.75613505,0.1875305,0.113675,1.00541,0.06447999,0.45590496,0.508567,-0.119605005
61,0.62257,0.071858,0.024343,-0.12574,0.31062,-0.2258,-0.34277,0.50858,-0.13264,-0.068181,-0.21331,0.27151,-0.44914,0.076563,0.54888,0.58235,0.46806,-0.3486,-0.14855,-0.81118,0.26717,0.24443,0.016739,0.04569,0.23783,-1.9723,-0.067601,-0.50336,0.21409,-0.48434,3.5853,1.1371,-1.1428,-0.058785,0.2457,-0.16272,0.17293,0.18225,0.0188,-0.52325,-0.34459,0.035117,0.27834,0.18419,0.23106,0.13612,0.021502,0.18111,0.038953,0.23854,0.68224,-0.31608,-0.95201,0.47108,0.56571,0.13151,0.22457,0.094995,-1.3237,-0.51545,-0.39337,0.88488,0.93826,0.22931,0.088624,-0.53908,0.23396,0.73245,-0.019123,-0.26552,-0.40433,-1.5832,1.1316,0.4419,-0.48218,0.4828,0.14938,1.1245,1.0159,-0.50213,0.83831,-0.31303,0.083242,1.7161,0.15024,1.0324,-1.5005,0.62348,0.54508,-0.88484,0.53279,-0.085119,0.02141,-0.56629,1.1463,0.6464,0.78318,-0.067662,0.22884,-0.042453
62,0.21473,-0.12386,-0.060734,-0.48248,-0.81974,-0.01071,-0.1787,0.22899,0.46298,-0.47632,-0.71289,0.40994,0.83801,-0.19857,-0.3936,0.46907,-0.018075,0.25584,0.24752,-1.1802,0.17802,0.1188,0.99759,-0.052702,0.082076,-0.70217,-0.28571,1.1461,1.2257,-1.1676,1.2518,0.30352,-0.6073,0.11593,0.03638,0.67858,-0.13848,0.12003,1.7829,0.082811,0.058374,0.22966,0.40507,0.10633,0.27575,0.88687,0.37886,-1.0186,0.2757,0.035919,-0.27238,0.53618,-0.062048,0.53592,-0.13899,-0.40535,0.90883,0.02142,-0.14407,-0.23733,0.18517,-0.13145,0.4223,2.1989,-0.43158,-0.25294,0.25265,0.53533,-0.97258,-0.17587,0.82987,-0.47401,2.0134,0.14725,-0.46896,-1.1566,-0.31986,0.55354,-0.21086,-0.021536,1.8872,-0.0014208,-1.4968,1.2332,-1.2964,-0.56811,-0.3521,1.2394,0.74413,0.12155,0.62048,0.036218,0.48729,-0.45166,0.22757,0.67,-0.31662,-0.76751,0.28219,-0.32346
63,0.62257,0.071858,0.024343,-0.12574,0.31062,-0.2258,-0.34277,0.50858,-0.13264,-0.068181,-0.21331,0.27151,-0.44914,0.076563,0.54888,0.58235,0.46806,-0.3486,-0.14855,-0.81118,0.26717,0.24443,0.016739,0.04569,0.23783,-1.9723,-0.067601,-0.50336,0.21409,-0.48434,3.5853,1.1371,-1.1428,-0.058785,0.2457,-0.16272,0.17293,0.18225,0.0188,-0.52325,-0.34459,0.035117,0.27834,0.18419,0.23106,0.13612,0.021502,0.18111,0.038953,0.23854,-0.402377,-0.197939,-0.37698436,0.644855,0.687695,0.4089,-0.23356001,0.21202901,-0.2733095,-0.40941,-0.227555,0.58287,0.06535499,-0.303491,-0.28557,-0.17071,-0.297085,0.3115,-0.69708,-0.974455,0.164943,-0.016610004,0.906415,-0.1470245,-0.6348735,-0.534365,0.509245,0.3917745,0.39568,-0.821805,1.83595,-0.687955,0.21000499,0.721725,0.190161,0.14864999,-0.3461,0.152485,1.011185,-0.37703,1.035135,0.36189002,-0.3036065,-0.414489,0.94892,1.0214,-0.028214004,-0.553895,-0.93602,0.47009
64,0.32985333,-0.05043367,0.40262,-0.24795668,0.30486667,0.6095927,-0.02723,0.275856,-0.21318203,-0.51355004,-0.38432336,-0.27851132,-0.45283332,0.38765335,-0.18289,0.48665667,0.6390833,-0.38702264,0.09711667,-0.51392335,0.061005533,-0.032959998,0.29679665,0.27933532,0.30007002,-0.8772733,-0.14784734,0.21593165,0.79549,-0.37367666,2.5197334,0.60241663,-0.31865,0.18674165,-0.46932003,0.08293667,-0.7444167,0.030153668,-0.020713666,-0.009406666,-0.21435034,-0.099429995,0.15918668,0.03420067,-0.23307002,0.37521067,0.38322,-0.141367,-0.46375,-0.6784434,0.0099727,0.27951,-0.92119,0.0087638,0.71206,-0.29834,0.60247,-0.13617,-1.0734,-0.088431,-1.0597,0.38107,1.1156,0.27397,-0.55001,-0.29295,0.028922,0.40802,-0.59995,-0.19854,0.26314,-1.734,1.8612,0.18616,-1.2123,-0.058504,0.37557,1.7417,1.0782,-0.72126,1.514,-0.51227,0.2119,0.95161,-0.63633,0.65343,-1.0067,0.5847,0.63047,-0.96966,1.2346,-0.05274,-0.61803,-0.56434,1.2664,1.7918,0.58051,-0.17542,-0.42648,-0.10229
65,0.076143,-0.24717,0.40116,-0.44052,0.47109,-0.1377,-0.71907,0.13098,-0.17572,-0.03577,-0.25182,0.22588,-0.76386,0.24249,0.46617,0.10661,0.42314,-0.54628,-0.23715,-0.65187,-0.077369,0.28766,0.10809,-0.45786,0.067866,-1.8636,0.1389,0.17133,0.24996,-0.6366,3.2279,0.56937,-0.653,0.055097,-0.28294,0.17188,0.17931,0.49549,0.33623,-0.49653,0.10105,0.1834,0.095534,0.049611,-0.028313,0.27312,-0.24849,0.14717,0.11502,-0.25162,0.1579735,-0.530845,0.12531,-0.47846502,-0.102955,0.33686,-0.49941,-0.42707002,0.452515,-0.6877265,-0.21026,0.160335,-0.24289499,0.176148,-0.0760745,0.1059195,-0.04040499,0.206265,0.056514993,-1.10575,0.953735,-0.322601,-0.1830185,-0.5898,-0.469795,-1.4566,0.28702998,0.236972,-0.41374,-0.19692,2.93355,0.339988,-0.35303316,0.033450007,-0.24338001,-0.20623001,0.05247499,0.27728552,0.58151,-0.163343,-0.46183002,-0.0941905,0.097834,0.2139745,-0.28785497,0.044324994,-0.15807499,0.42305,0.004394993,0.24028
66,-0.605,-0.030167,-0.62368,0.028983,0.28808,0.52879,-0.46089,-0.43297,-0.55717,0.91402,-0.053151,-0.13406,0.7924,0.42741,-0.37629,-0.1004,0.4133,0.51399,-0.095672,-1.0272,0.34153,0.46096,1.0471,0.68096,-0.22341,0.071021,-0.90924,0.42325,1.4577,0.12475,3.0419,0.14132,-0.40447,0.04903,0.25392,0.53172,-0.82798,0.024754,0.17501,-0.42165,0.55226,0.017421,-0.48227,-0.4039,0.29885,0.99248,0.17212,0.2899,-0.019283,0.2439,0.011376659,-0.13592634,-0.99433994,-0.57903665,0.60398,0.72007674,0.10653,-0.117853336,0.13049334,0.314097,-0.109006666,0.07253667,0.9961333,0.6484733,0.24988668,0.16817433,0.10083199,0.58810663,0.10234334,-0.7000933,0.5961,-0.1288914,0.94487,0.61585665,0.30987167,-0.12220701,-0.277441,0.5333033,1.29645,0.31206802,1.5408367,0.10374666,-0.30017668,0.38401666,-0.017256668,0.90336007,-0.39605334,0.92664003,0.80770665,0.17694335,0.31048334,-0.162853,-0.34953666,0.84105664,1.0317267,0.58729666,0.39282668,-0.09268,0.39377666,-0.050799012
67,0.62257,0.071858,0.024343,-0.12574,0.31062,-0.2258,-0.34277,0.50858,-0.13264,-0.068181,-0.21331,0.27151,-0.44914,0.076563,0.54888,0.58235,0.46806,-0.3486,-0.14855,-0.81118,0.26717,0.24443,0.016739,0.04569,0.23783,-1.9723,-0.067601,-0.50336,0.21409,-0.48434,3.5853,1.1371,-1.1428,-0.058785,0.2457,-0.16272,0.17293,0.18225,0.0188,-0.52325,-0.34459,0.035117,0.27834,0.18419,0.23106,0.13612,0.021502,0.18111,0.038953,0.23854,0.51016504,-0.114235,-0.29660502,0.654195,0.564025,-0.2958185,-0.260335,-0.140333,0.487315,-0.031670004,0.07287501,0.41986498,1.204725,0.64750755,0.12464,-0.32031,-0.49218002,0.96303,-0.106905,-0.85239506,0.59174,-1.4356,0.7835555,0.071236,-0.559295,-0.3422885,0.4533065,1.25165,1.2005501,-0.36306998,1.5896,-0.17811501,-0.195595,1.1108,0.0467565,0.71187496,-0.591435,1.03169,0.85506,-0.06415999,0.57447004,-0.2859165,0.37065503,-0.29731452,0.612865,0.65516,0.073640004,-0.1889655,0.5299195,-0.19807501
68,0.076143,-0.24717,0.40116,-0.44052,0.47109,-0.1377,-0.71907,0.13098,-0.17572,-0.03577,-0.25182,0.22588,-0.76386,0.24249,0.46617,0.10661,0.42314,-0.54628,-0.23715,-0.65187,-0.077369,0.28766,0.10809,-0.45786,0.067866,-1.8636,0.1389,0.17133,0.24996,-0.6366,3.2279,0.56937,-0.653,0.055097,-0.28294,0.17188,0.17931,0.49549,0.33623,-0.49653,0.10105,0.1834,0.095534,0.049611,-0.028313,0.27312,-0.24849,0.14717,0.11502,-0.25162,-0.053903,-0.30871,-1.3285,-0.43342,0.31779,1.5224,-0.6965,-0.037086,-0.83784,0.074107,-0.30532,-0.1783,1.2337,0.085473,0.17362,-0.19001,0.36907,0.49454,-0.024311,-1.0535,0.5237,-1.1489,0.95093,1.1538,-0.52286,-0.14931,-0.97614,1.3912,0.79875,-0.72134,1.5411,-0.15928,-0.30472,1.7265,0.13124,-0.054023,-0.74212,1.675,1.9502,-0.53274,1.1359,0.20027,0.02245,-0.39379,1.0609,1.585,0.17889,0.43556,0.68161,0.066202
69,0.63792,-0.055240005,0.40747,-0.425785,0.093823,-0.63128996,-0.54684,0.020905003,-0.48483002,-0.4297145,-0.38019502,-0.456602,-0.31694,-0.106943496,0.40796,0.564975,0.2978535,-0.16749002,-0.74995,-0.58963,0.45029998,-0.04138501,0.125045,0.210308,0.19199401,-1.4498,0.317795,0.34798,0.458685,-0.34733,3.54295,0.483575,-0.23183,-0.209251,-0.42442,-0.1487,-0.232883,-0.038027994,-0.090344995,0.004424989,-0.21155,0.1032899,0.14054301,0.16036001,-0.104319,0.05323,0.2604825,-0.36596,-0.4416415,-0.317045,0.13869499,-0.1619455,-0.99624497,-0.584955,0.56655,0.479465,-0.140705,-0.323735,0.615395,0.0775005,-0.274895,0.22380501,0.91875005,0.71422005,0.582725,0.1959415,-0.067127004,0.65901,0.31391,-0.48124,0.58826494,-0.1199921,0.534305,0.65917003,0.459425,-0.21908,-0.2578265,0.290005,1.165175,0.197257,0.96865505,0.26628,-0.17175,0.5129,0.049769998,1.04366,-0.049480006,1.100885,0.72098005,0.364025,-0.028250009,-0.23192501,-0.195115,1.3455,1.41501,0.18149501,0.29712,-0.28816998,0.663585,0.2933915
70,0.076143,-0.24717,0.40116,-0.44052,0.47109,-0.1377,-0.71907,0.13098,-0.17572,-0.03577,-0.25182,0.22588,-0.76386,0.24249,0.46617,0.10661,0.42314,-0.54628,-0.23715,-0.65187,-0.077369,0.28766,0.10809,-0.45786,0.067866,-1.8636,0.1389,0.17133,0.24996,-0.6366,3.2279,0.56937,-0.653,0.055097,-0.28294,0.17188,0.17931,0.49549,0.33623,-0.49653,0.10105,0.1834,0.095534,0.049611,-0.028313,0.27312,-0.24849,0.14717,0.11502,-0.25162,-0.402377,-0.197939,-0.37698436,0.644855,0.687695,0.4089,-0.23356001,0.21202901,-0.2733095,-0.40941,-0.227555,0.58287,0.06535499,-0.303491,-0.28557,-0.17071,-0.297085,0.3115,-0.69708,-0.974455,0.164943,-0.016610004,0.906415,-0.1470245,-0.6348735,-0.534365,0.509245,0.3917745,0.39568,-0.821805,1.83595,-0.687955,0.21000499,0.721725,0.190161,0.14864999,-0.3461,0.152485,1.011185,-0.37703,1.035135,0.36189002,-0.3036065,-0.414489,0.94892,1.0214,-0.028214004,-0.553895,-0.93602,0.47009
71,-0.0099474,-0.03776,-0.37543,-1.1267,-0.63568,-1.0285,0.81459,0.53015,-0.48865,0.68224,-0.19088,0.20953,0.87586,0.35802,-0.35021,-0.82665,0.70109,0.28506,0.23708,-1.1565,0.96745,0.0082459,1.9095,-0.27615,-0.42219,0.31321,-0.23401,0.80486,0.5657,0.081338,2.1648,0.75324,-1.5945,1.6537,-1.5279,0.23723,-0.64554,0.41991,1.8411,0.043313,1.3231,-0.33257,0.36707,-0.82681,-0.22209,0.17241,-0.36097,-0.134,0.6678,-0.39037,0.26709,0.10959751,0.4706655,0.5541525,0.2990625,-0.48694998,-0.1529475,0.01128,0.64017254,0.22758,0.434555,0.30925,0.5912925,0.95084,-0.062505,0.199035,0.26878,0.46121752,-0.59883,-0.6522275,1.2339926,-0.8148175,0.9228278,-0.71600205,-0.5368875,-1.1893375,0.38046002,0.948325,1.00466,0.669231,2.4777,-0.3438102,-0.3606495,0.96834004,-0.294926,-0.17456749,-0.9258425,0.66829,0.8118875,0.3457425,0.255865,0.097041994,0.84144247,-0.6351472,0.11008,0.47527003,-0.71947,0.16131,0.311861,-0.6920825
72,0.62257,0.071858,0.024343,-0.12574,0.31062,-0.2258,-0.34277,0.50858,-0.13264,-0.068181,-0.21331,0.27151,-0.44914,0.076563,0.54888,0.58235,0.46806,-0.3486,-0.14855,-0.81118,0.26717,0.24443,0.016739,0.04569,0.23783,-1.9723,-0.067601,-0.50336,0.21409,-0.48434,3.5853,1.1371,-1.1428,-0.058785,0.2457,-0.16272,0.17293,0.18225,0.0188,-0.52325,-0.34459,0.035117,0.27834,0.18419,0.23106,0.13612,0.021502,0.18111,0.038953,0.23854,0.78824,0.0022599995,-0.32645503,0.556285,0.351105,-0.400985,0.010605007,-0.009905003,0.35839,-0.1263,0.033610016,0.68388,0.907075,0.992505,-0.0659289,-0.071835,-0.36560002,0.98634505,-0.03463,-0.84238005,1.146555,-0.9755,0.8325555,0.13491601,-0.26286998,-0.2704,0.390535,1.2846,1.2051,-0.208525,1.5325999,-0.038020004,-0.15878001,1.6243501,0.025754996,0.68623,-0.30822998,1.56009,0.58608,0.45853,0.85949004,-0.03810501,0.5691195,0.0156385,0.300815,0.40739498,-0.228777,-0.16251498,0.81407,-0.101010025
73,0.25322,-0.34355,0.79544,-0.67276,0.030686,0.5094,-0.4479,-0.18801,-0.017476,-0.34959,-0.52884,-0.15356,-0.16261,0.14659,0.48336,0.38471,0.2326,-0.37369,0.10151,-1.0127,0.37486,-0.78136,0.314,-0.61849,-0.62249,-1.2987,0.37412,0.84641,0.38115,-0.37949,3.5398,0.52446,0.11603,1.0183,-0.20129,-0.10432,-0.22025,0.28246,0.53979,-0.98981,-0.3338,0.33967,0.42538,-0.38407,0.079325,-0.08977,0.18659,0.20507,-0.4098,0.094407,0.73034,-0.23683,-0.73585,-0.087086,0.68814,0.60322,-0.30877,-0.331,-0.44736,-1.3283,-0.6306,0.58137,0.82911,0.17155,0.62941,-0.20708,-0.15555,0.74864,0.53543,-0.8057,0.021467,-1.6985,1.6829,0.28308,-0.66105,0.20422,0.19901,1.6744,0.98759,-0.6146,0.47044,0.71119,-0.051451,0.84434,-0.12871,0.99058,-1.4823,1.3502,1.6571,-0.069724,-0.45326,-0.034689,0.02033,-0.59575,1.2373,0.96924,0.34938,0.34617,0.70377,0.46577
74,0.076143,-0.24717,0.40116,-0.44052,0.47109,-0.1377,-0.71907,0.13098,-0.17572,-0.03577,-0.25182,0.22588,-0.76386,0.24249,0.46617,0.10661,0.42314,-0.54628,-0.23715,-0.65187,-0.077369,0.28766,0.10809,-0.45786,0.067866,-1.8636,0.1389,0.17133,0.24996,-0.6366,3.2279,0.56937,-0.653,0.055097,-0.28294,0.17188,0.17931,0.49549,0.33623,-0.49653,0.10105,0.1834,0.095534,0.049611,-0.028313,0.27312,-0.24849,0.14717,0.11502,-0.25162,0.51016504,-0.114235,-0.29660502,0.654195,0.564025,-0.2958185,-0.260335,-0.140333,0.487315,-0.031670004,0.07287501,0.41986498,1.204725,0.64750755,0.12464,-0.32031,-0.49218002,0.96303,-0.106905,-0.85239506,0.59174,-1.4356,0.7835555,0.071236,-0.559295,-0.3422885,0.4533065,1.25165,1.2005501,-0.36306998,1.5896,-0.17811501,-0.195595,1.1108,0.0467565,0.71187496,-0.591435,1.03169,0.85506,-0.06415999,0.57447004,-0.2859165,0.37065503,-0.29731452,0.612865,0.65516,0.073640004,-0.1889655,0.5299195,-0.19807501
75,0.21473,-0.12386,-0.060734,-0.48248,-0.81974,-0.01071,-0.1787,0.22899,0.46298,-0.47632,-0.71289,0.40994,0.83801,-0.19857,-0.3936,0.46907,-0.018075,0.25584,0.24752,-1.1802,0.17802,0.1188,0.99759,-0.052702,0.082076,-0.70217,-0.28571,1.1461,1.2257,-1.1676,1.2518,0.30352,-0.6073,0.11593,0.03638,0.67858,-0.13848,0.12003,1.7829,0.082811,0.058374,0.22966,0.40507,0.10633,0.27575,0.88687,0.37886,-1.0186,0.2757,0.035919,-1.5491,0.6169,-0.28192,1.1088,0.070226,-0.39293,-0.85833,0.23562,-0.092116,-0.2479,-0.49193,0.2869,0.17158,0.19466,0.40086,0.53626,-0.24186,0.59343,-1.6473,-0.41177,-0.15598,-1.0264,1.5462,-0.33489,-1.0415,-1.0938,-0.49959,0.44622,1.2927,-0.61908,1.7843,1.1887,-1.0404,0.038716,0.4504,0.96851,-0.15772,1.1836,0.29166,-1.1253,-0.11255,0.012885,-1.51,0.56901,-0.48604,2.0839,0.06506,0.016635,-0.6365,0.064266
76,0.25322,-0.34355,0.79544,-0.67276,0.030686,0.5094,-0.4479,-0.18801,-0.017476,-0.34959,-0.52884,-0.15356,-0.16261,0.14659,0.48336,0.38471,0.2326,-0.37369,0.10151,-1.0127,0.37486,-0.78136,0.314,-0.61849,-0.62249,-1.2987,0.37412,0.84641,0.38115,-0.37949,3.5398,0.52446,0.11603,1.0183,-0.20129,-0.10432,-0.22025,0.28246,0.53979,-0.98981,-0.3338,0.33967,0.42538,-0.38407,0.079325,-0.08977,0.18659,0.20507,-0.4098,0.094407,0.20588,0.95293,-1.0191,-0.71213,1.3216,0.33053,-0.57216,-0.62291,-0.32647,-0.58053,-0.44383,-0.13546,1.4512,-0.69647,-0.73094,-0.18172,0.074944,0.15852,0.13292,-0.85589,-0.50029,-0.086659,0.87844,-0.41487,-0.96297,0.18202,0.6623,1.3394,0.89629,-0.12541,1.5786,-0.071202,-0.94637,0.61168,0.11587,0.2963,-1.0043,0.45917,0.60717,-0.46851,0.95811,-0.14391,0.073954,-1.1217,0.9978,1.0536,-0.30858,-0.56573,-0.30519,-0.29153
77,0.39621,0.15996,0.46712,0.18459,1.1826,-0.29844,-0.44587,0.13879,-0.79038,-0.21838,-0.33809,-0.68331,-0.37921,-0.11752,0.042039,0.48018,-0.012653,-0.45736,-0.77084,-0.047438,0.31252,0.5868,0.11256,-0.25544,0.13935,-1.3885,0.66674,0.28422,0.14652,0.21721,3.2838,-0.064245,0.087545,0.059236,0.18729,-0.7151,-0.45676,0.42607,-0.075389,-0.21992,-0.12417,0.12843,0.33174,0.089882,-0.15063,-0.08294,-0.066774,-0.19275,0.24453,-0.28937,-0.44933,-0.029444,0.57296,-0.45214,0.92769,-0.50868,0.2583,0.040071,0.38096,-0.71797,-0.45572,0.21411,-0.64431,1.4169,0.62377,0.27238,-0.59077,0.18023,1.357,-0.68028,1.0149,-0.23861,0.20119,0.54845,-0.53386,-0.73782,-1.0332,1.2281,0.56946,-0.48784,0.36059,-0.0064226,0.28632,0.6696,0.0017163,1.5707,-0.34028,0.89638,1.1332,-0.78836,0.74014,0.083619,0.040407,0.71757,-0.35058,-0.29821,1.056,-0.17812,0.38516,-0.8565
78,-0.0099474,-0.03776,-0.37543,-1.1267,-0.63568,-1.0285,0.81459,0.53015,-0.48865,0.68224,-0.19088,0.20953,0.87586,0.35802,-0.35021,-0.82665,0.70109,0.28506,0.23708,-1.1565,0.96745,0.0082459,1.9095,-0.27615,-0.42219,0.31321,-0.23401,0.80486,0.5657,0.081338,2.1648,0.75324,-1.5945,1.6537,-1.5279,0.23723,-0.64554,0.41991,1.8411,0.043313,1.3231,-0.33257,0.36707,-0.82681,-0.22209,0.17241,-0.36097,-0.134,0.6678,-0.39037,0.09687251,-0.13469824,-0.8976025,0.598945,0.62916005,-0.277145,-0.00021249428,0.027182497,0.22753626,0.115449995,0.065262526,0.74744505,1.1699126,0.84047496,-0.23687956,-0.0716425,-0.37929747,0.73984003,0.12617251,-0.65106,0.43929297,-1.1013376,0.72120774,0.61287045,-0.3356,-0.4142575,-0.16391501,1.050605,0.8973525,-0.034277,0.779564,-0.013541002,-0.121575,1.2330949,0.6170875,0.773445,-0.5075425,1.0280449,0.18922499,0.2266235,0.7562678,0.35346252,-0.08745998,0.053535253,0.6043525,0.77888,-0.064556,0.25429,0.87815,-0.2235125
79,0.21473,-0.12386,-0.060734,-0.48248,-0.81974,-0.01071,-0.1787,0.22899,0.46298,-0.47632,-0.71289,0.40994,0.83801,-0.19857,-0.3936,0.46907,-0.018075,0.25584,0.24752,-1.1802,0.17802,0.1188,0.99759,-0.052702,0.082076,-0.70217,-0.28571,1.1461,1.2257,-1.1676,1.2518,0.30352,-0.6073,0.11593,0.03638,0.67858,-0.13848,0.12003,1.7829,0.082811,0.058374,0.22966,0.40507,0.10633,0.27575,0.88687,0.37886,-1.0186,0.2757,0.035919,-0.17537,0.08291,-0.12942,-0.48079,0.24926,-0.3178,1.0202,0.37647,-0.44533,0.60005,-0.69931,-0.18225,0.93479,0.60394,0.64438,0.14979,0.91368,0.50846,0.046199,-0.30032,0.48496,-0.81351,1.3557,0.027105,-0.99947,-1.0667,-0.65685,0.29009,0.82502,0.40959,1.7743,-0.55731,-1.1925,1.3894,-0.39877,0.86164,-0.50823,0.93659,1.3159,-0.38863,0.23216,0.42121,0.0061265,0.86917,1.0255,0.18649,-0.24925,-1.0213,-0.2545,-0.82867
80,-0.605,-0.030167,-0.62368,0.028983,0.28808,0.52879,-0.46089,-0.43297,-0.55717,0.91402,-0.053151,-0.13406,0.7924,0.42741,-0.37629,-0.1004,0.4133,0.51399,-0.095672,-1.0272,0.34153,0.46096,1.0471,0.68096,-0.22341,0.071021,-0.90924,0.42325,1.4577,0.12475,3.0419,0.14132,-0.40447,0.04903,0.25392,0.53172,-0.82798,0.024754,0.17501,-0.42165,0.55226,0.017421,-0.48227,-0.4039,0.29885,0.99248,0.17212,0.2899,-0.019283,0.2439,0.79324,-0.26557,-1.1389,0.25356,0.22545,-0.23116,0.30607,0.18377,-0.68702,0.15423,-0.53931,0.67861,1.0955,0.77141,-0.0005578,-0.33271,-0.10157,0.89059,0.27152,-0.74114,0.82201,-0.86,1.6333,0.28069,-0.17785,0.16035,-0.15647,1.16,1.1257,-0.29751,1.4748,0.1016,-0.48387,2.2418,-0.13545,0.5701,-0.82539,2.337,0.85614,0.2931,0.86652,0.53154,0.038039,-0.017194,0.7694,0.69977,-0.083494,0.14356,0.55204,0.58175
81,-0.062761,0.81904,-0.067769,1.0728,-0.48884,-0.53659,-0.39512,0.29684,-0.24994,-0.64616,-0.38994,-1.0181,-0.74659,0.5638,0.62756,0.84303,0.1374,-0.54534,-0.16795,-0.43048,0.18814,0.16537,-0.1674,0.59948,-0.16904,-1.1376,0.36256,0.19763,0.010075,-0.3838,3.5756,0.045535,-0.52057,0.32947,-0.36942,-0.37348,0.31756,0.81132,-0.044679,-0.79792,0.22949,-0.73993,0.90041,0.46883,0.4512,0.6644,0.24931,-0.88062,-0.042584,-0.21827,0.20444001,0.07525001,-0.19505,-0.13134503,0.87778,-0.043790013,-0.411945,-0.0749605,0.582255,-0.26548502,0.09035,0.20702998,0.928825,0.59963804,0.172675,0.0528515,-0.23868501,0.66946,0.167895,-0.888,1.177915,-0.963465,0.5281055,0.389916,-0.31277,-0.40452,0.12064999,1.03692,1.5407,0.0035999976,1.9449,-0.03138,-0.14888,1.6726499,-0.157345,0.59299,-0.34588,0.96599,0.71291,0.47842002,0.93598,-0.183595,0.16369504,-0.0660195,0.37681502,0.54672,-0.30252,-0.284985,0.282375,-0.48505002
82,0.62257,0.071858,0.024343,-0.12574,0.31062,-0.2258,-0.34277,0.50858,-0.13264,-0.068181,-0.21331,0.27151,-0.44914,0.076563,0.54888,0.58235,0.46806,-0.3486,-0.14855,-0.81118,0.26717,0.24443,0.016739,0.04569,0.23783,-1.9723,-0.067601,-0.50336,0.21409,-0.48434,3.5853,1.1371,-1.1428,-0.058785,0.2457,-0.16272,0.17293,0.18225,0.0188,-0.52325,-0.34459,0.035117,0.27834,0.18419,0.23106,0.13612,0.021502,0.18111,0.038953,0.23854,0.0736105,-0.486245,0.21337551,-0.137576,1.08711,-0.008680001,-1.171415,-0.39323,1.15195,-0.43445498,-0.1070045,-0.22687,0.110145,0.243597,0.676135,0.459175,-0.66276,0.29768002,0.242055,-0.977405,0.94405997,-0.21393299,-0.19962999,0.90123504,-0.836885,-0.89010495,-0.63921,0.76993996,1.13995,-0.755095,1.4651,0.483055,0.03534001,1.1001,0.484165,0.775805,-0.0013649911,0.61661,0.888785,0.31627,0.53003,0.603045,-0.1290535,0.465175,0.394245,0.16568002,-0.09903,-0.371405,0.56677,-0.07307501
83,0.62257,0.071858,0.024343,-0.12574,0.31062,-0.2258,-0.34277,0.50858,-0.13264,-0.068181,-0.21331,0.27151,-0.44914,0.076563,0.54888,0.58235,0.46806,-0.3486,-0.14855,-0.81118,0.26717,0.24443,0.016739,0.04569,0.23783,-1.9723,-0.067601,-0.50336,0.21409,-0.48434,3.5853,1.1371,-1.1428,-0.058785,0.2457,-0.16272,0.17293,0.18225,0.0188,-0.52325,-0.34459,0.035117,0.27834,0.18419,0.23106,0.13612,0.021502,0.18111,0.038953,0.23854,-0.053903,-0.30871,-1.3285,-0.43342,0.31779,1.5224,-0.6965,-0.037086,-0.83784,0.074107,-0.30532,-0.1783,1.2337,0.085473,0.17362,-0.19001,0.36907,0.49454,-0.024311,-1.0535,0.5237,-1.1489,0.95093,1.1538,-0.52286,-0.14931,-0.97614,1.3912,0.79875,-0.72134,1.5411,-0.15928,-0.30472,1.7265,0.13124,-0.054023,-0.74212,1.675,1.9502,-0.53274,1.1359,0.20027,0.02245,-0.39379,1.0609,1.585,0.17889,0.43556,0.68161,0.066202
84,-0.0099474,-0.03776,-0.37543,-1.1267,-0.63568,-1.0285,0.81459,0.53015,-0.48865,0.68224,-0.19088,0.20953,0.87586,0.35802,-0.35021,-0.82665,0.70109,0.28506,0.23708,-1.1565,0.96745,0.0082459,1.9095,-0.27615,-0.42219,0.31321,-0.23401,0.80486,0.5657,0.081338,2.1648,0.75324,-1.5945,1.6537,-1.5279,0.23723,-0.64554,0.41991,1.8411,0.043313,1.3231,-0.33257,0.36707,-0.82681,-0.22209,0.17241,-0.36097,-0.134,0.6678,-0.39037,0.05260752,-0.45916823,-1.1171025,0.57877004,0.63907504,-0.23953502,0.1312575,0.45841748,0.312235,-0.045625,-0.008582503,0.666945,1.2892125,0.42271,-0.24231955,-0.1809125,-0.3296625,0.44549003,0.0596795,-0.73911,0.3567375,-0.3653975,0.8552028,0.3679155,-0.34886,-0.17002049,0.403975,0.792035,1.4001074,-0.191905,1.3678501,0.032473996,-0.515205,1.2907751,0.56980747,0.873325,-0.5350225,0.91487503,1.065805,0.033232503,1.0339178,0.2723425,0.310175,0.043480247,0.47681752,1.32008,0.21606998,0.59878,0.49121702,0.1343875
85,-0.605,-0.030167,-0.62368,0.028983,0.28808,0.52879,-0.46089,-0.43297,-0.55717,0.91402,-0.053151,-0.13406,0.7924,0.42741,-0.37629,-0.1004,0.4133,0.51399,-0.095672,-1.0272,0.34153,0.46096,1.0471,0.68096,-0.22341,0.071021,-0.90924,0.42325,1.4577,0.12475,3.0419,0.14132,-0.40447,0.04903,0.25392,0.53172,-0.82798,0.024754,0.17501,-0.42165,0.55226,0.017421,-0.48227,-0.4039,0.29885,0.99248,0.17212,0.2899,-0.019283,0.2439,0.42584,0.22498,-0.44857,-0.22726,1.3462,2.0524,-0.34857,-0.080376,0.50811,-0.008289,0.20907,-0.10272,1.7036,1.2595,-0.25248,0.31343,0.1773,0.17004,-0.505,-0.25286,0.9893,-1.0132,1.5275,0.064581,-0.34393,-0.53873,0.096421,0.68288,1.2355,-0.65697,1.5745,0.1512,-0.95893,0.55839,-0.52137,0.1623,-0.30843,1.1385,1.3097,-0.77904,0.26713,-0.92731,-0.70553,0.12533,1.075,0.63071,0.22872,-0.46971,0.18615,-0.18569
86,-0.0099474,-0.03776,-0.37543,-1.1267,-0.63568,-1.0285,0.81459,0.53015,-0.48865,0.68224,-0.19088,0.20953,0.87586,0.35802,-0.35021,-0.82665,0.70109,0.28506,0.23708,-1.1565,0.96745,0.0082459,1.9095,-0.27615,-0.42219,0.31321,-0.23401,0.80486,0.5657,0.081338,2.1648,0.75324,-1.5945,1.6537,-1.5279,0.23723,-0.64554,0.41991,1.8411,0.043313,1.3231,-0.33257,0.36707,-0.82681,-0.22209,0.17241,-0.36097,-0.134,0.6678,-0.39037,0.32788667,0.096269995,-0.05458333,-0.04020666,-0.56101334,-0.14300199,0.45407334,0.23849666,0.32333663,0.15384667,-0.26401666,0.4445533,0.79512334,0.48047337,0.17086865,0.51195,0.37842,0.87486,-0.12197701,-1.0483733,0.52715665,-0.29209533,0.7358734,-0.22604167,-0.021046659,-0.78668666,-0.032683652,0.9692967,0.91428334,0.29931334,1.842045,-0.18254365,-0.6294833,0.8287013,-0.30995333,0.84413004,-0.291385,0.58217335,1.4899334,-0.058966666,0.258763,0.29689732,0.05178216,0.96510667,0.1846687,0.36851668,-0.023803333,-0.87469333,0.20675667,-0.77756333
87,0.076143,-0.24717,0.40116,-0.44052,0.47109,-0.1377,-0.71907,0.13098,-0.17572,-0.03577,-0.25182,0.22588,-0.76386,0.24249,0.46617,0.10661,0.42314,-0.54628,-0.23715,-0.65187,-0.077369,0.28766,0.10809,-0.45786,0.067866,-1.8636,0.1389,0.17133,0.24996,-0.6366,3.2279,0.56937,-0.653,0.055097,-0.28294,0.17188,0.17931,0.49549,0.33623,-0.49653,0.10105,0.1834,0.095534,0.049611,-0.028313,0.27312,-0.24849,0.14717,0.11502,-0.25162,-0.97898,-0.29079598,-0.235315,-0.092187,0.174767,0.076865,-0.5321785,-0.43561,0.1047655,-0.556425,-0.200541,0.108616,0.21022499,0.195596,0.37894,0.347554,-0.65646505,-0.21879,0.1854755,-1.02505,0.853615,0.03366001,0.632455,-0.71959996,-0.167315,-0.92288,-0.43044996,1.31647,0.839795,-0.52559495,1.91707,-0.16495001,-0.352495,0.716325,-1.25795,0.65951,0.066586,0.924175,0.829775,-0.332925,1.079685,0.056579992,-0.21224499,0.423807,0.36948,0.13382751,-0.26016998,-0.15121499,0.50781,-0.76687
88,0.076143,-0.24717,0.40116,-0.44052,0.47109,-0.1377,-0.71907,0.13098,-0.17572,-0.03577,-0.25182,0.22588,-0.76386,0.24249,0.46617,0.10661,0.42314,-0.54628,-0.23715,-0.65187,-0.077369,0.28766,0.10809,-0.45786,0.067866,-1.8636,0.1389,0.17133,0.24996,-0.6366,3.2279,0.56937,-0.653,0.055097,-0.28294,0.17188,0.17931,0.49549,0.33623,-0.49653,0.10105,0.1834,0.095534,0.049611,-0.028313,0.27312,-0.24849,0.14717,0.11502,-0.25162,0.68224,-0.31608,-0.95201,0.47108,0.56571,0.13151,0.22457,0.094995,-1.3237,-0.51545,-0.39337,0.88488,0.93826,0.22931,0.088624,-0.53908,0.23396,0.73245,-0.019123,-0.26552,-0.40433,-1.5832,1.1316,0.4419,-0.48218,0.4828,0.14938,1.1245,1.0159,-0.50213,0.83831,-0.31303,0.083242,1.7161,0.15024,1.0324,-1.5005,0.62348,0.54508,-0.88484,0.53279,-0.085119,0.02141,-0.56629,1.1463,0.6464,0.78318,-0.067662,0.22884,-0.042453
89,0.40133,-0.32915,1.5386,-0.39196,-0.48742,-0.36013,0.90343,-0.025004,-0.13429,0.40501,0.45226,-0.03639,0.89461,0.71394,-0.14923,0.75903,-0.79269,-0.027802,1.1947,-1.1644,0.19379,-0.43328,0.79219,0.38245,0.51947,0.54854,0.12895,0.26134,0.44576,-0.42678,0.62521,0.083019,-0.583,-1.0969,-0.28531,1.2004,-0.20063,-0.044011,0.69817,-0.42373,1.2702,0.079622,-0.18081,-0.69292,0.64296,0.84624,2.0281,0.19742,-0.9652,0.12308,0.4476,-0.58993,-1.0345,-0.31455,1.0242,0.43833,-0.47222,-0.14687,-0.037337,-0.4441,-0.3769,0.11454,1.1167,0.7911,-0.27699,0.20316,-0.23043,0.69255,-0.37483,-0.16352,0.81764,-1.0439,0.066569,1.1775,-0.48551,-0.82777,-0.69319,0.81503,0.86279,-0.88695,1.0349,-0.020801,-0.50727,2.1042,0.47549,0.075378,0.20257,0.78815,0.78308,0.12963,0.58349,0.17865,-0.39174,0.24764,0.49712,1.4036,0.080528,-0.16547,0.64122,0.32142
90,0.076143,-0.24717,0.40116,-0.44052,0.47109,-0.1377,-0.71907,0.13098,-0.17572,-0.03577,-0.25182,0.22588,-0.76386,0.24249,0.46617,0.10661,0.42314,-0.54628,-0.23715,-0.65187,-0.077369,0.28766,0.10809,-0.45786,0.067866,-1.8636,0.1389,0.17133,0.24996,-0.6366,3.2279,0.56937,-0.653,0.055097,-0.28294,0.17188,0.17931,0.49549,0.33623,-0.49653,0.10105,0.1834,0.095534,0.049611,-0.028313,0.27312,-0.24849,0.14717,0.11502,-0.25162,0.36466852,-0.019309998,-0.42125502,0.21279499,0.397275,0.475795,-0.49067998,-0.120333,0.28298,-0.16636151,0.15060501,0.25542498,0.976175,0.6495365,0.02116,-0.00048499554,-0.13028002,0.78832,-0.1825455,-0.9985601,0.9974,-1.11995,0.4913705,0.571471,-0.43537498,-0.42523,-0.019300014,1.4001999,1.041625,-0.42044,1.56575,-0.16846001,-0.06920501,1.3666999,0.1591,0.3741685,-0.266595,1.22909,1.13311,0.04561001,0.99418,-0.20374,0.561325,-0.1726595,0.44656497,0.85001004,-0.097585,-0.016515002,0.878855,-0.35878402
91,0.076143,-0.24717,0.40116,-0.44052,0.47109,-0.1377,-0.71907,0.13098,-0.17572,-0.03577,-0.25182,0.22588,-0.76386,0.24249,0.46617,0.10661,0.42314,-0.54628,-0.23715,-0.65187,-0.077369,0.28766,0.10809,-0.45786,0.067866,-1.8636,0.1389,0.17133,0.24996,-0.6366,3.2279,0.56937,-0.653,0.055097,-0.28294,0.17188,0.17931,0.49549,0.33623,-0.49653,0.10105,0.1834,0.095534,0.049611,-0.028313,0.27312,-0.24849,0.14717,0.11502,-0.25162,0.0099727,0.27951,-0.92119,0.0087638,0.71206,-0.29834,0.60247,-0.13617,-1.0734,-0.088431,-1.0597,0.38107,1.1156,0.27397,-0.55001,-0.29295,0.028922,0.40802,-0.59995,-0.19854,0.26314,-1.734,1.8612,0.18616,-1.2123,-0.058504,0.37557,1.7417,1.0782,-0.72126,1.514,-0.51227,0.2119,0.95161,-0.63633,0.65343,-1.0067,0.5847,0.63047,-0.96966,1.2346,-0.05274,-0.61803,-0.56434,1.2664,1.7918,0.58051,-0.17542,-0.42648,-0.10229
92,-0.18292,-0.87556,0.53389,-0.7332,-0.23474,0.15777,0.65382,-0.12257,0.54185,0.59824,-0.36392,-0.21791,-0.55491,0.44532,0.22874,0.22441,0.29333,-0.16295,0.421,-0.24071,0.21787,-0.182,0.48524,0.28554,-0.64955,-1.9132,0.37655,0.40191,0.63226,-0.42163,2.1138,0.008585,-0.6887,-0.10624,-0.31392,0.58488,-0.083777,-0.59114,0.0057715,-0.43063,-0.33431,0.44691,0.049136,0.14429,1.0877,-0.33716,0.31725,-0.096302,0.031316,-0.59152,0.42584,0.22498,-0.44857,-0.22726,1.3462,2.0524,-0.34857,-0.080376,0.50811,-0.008289,0.20907,-0.10272,1.7036,1.2595,-0.25248,0.31343,0.1773,0.17004,-0.505,-0.25286,0.9893,-1.0132,1.5275,0.064581,-0.34393,-0.53873,0.096421,0.68288,1.2355,-0.65697,1.5745,0.1512,-0.95893,0.55839,-0.52137,0.1623,-0.30843,1.1385,1.3097,-0.77904,0.26713,-0.92731,-0.70553,0.12533,1.075,0.63071,0.22872,-0.46971,0.18615,-0.18569
93,0.62257,0.071858,0.024343,-0.12574,0.31062,-0.2258,-0.34277,0.50858,-0.13264,-0.068181,-0.21331,0.27151,-0.44914,0.076563,0.54888,0.58235,0.46806,-0.3486,-0.14855,-0.81118,0.26717,0.24443,0.016739,0.04569,0.23783,-1.9723,-0.067601,-0.50336,0.21409,-0.48434,3.5853,1.1371,-1.1428,-0.058785,0.2457,-0.16272,0.17293,0.18225,0.0188,-0.52325,-0.34459,0.035117,0.27834,0.18419,0.23106,0.13612,0.021502,0.18111,0.038953,0.23854,0.1579735,-0.530845,0.12531,-0.47846502,-0.102955,0.33686,-0.49941,-0.42707002,0.452515,-0.6877265,-0.21026,0.160335,-0.24289499,0.176148,-0.0760745,0.1059195,-0.04040499,0.206265,0.056514993,-1.10575,0.953735,-0.322601,-0.1830185,-0.5898,-0.469795,-1.4566,0.28702998,0.236972,-0.41374,-0.19692,2.93355,0.339988,-0.35303316,0.033450007,-0.24338001,-0.20623001,0.05247499,0.27728552,0.58151,-0.163343,-0.46183002,-0.0941905,0.097834,0.2139745,-0.28785497,0.044324994,-0.15807499,0.42305,0.004394993,0.24028
94,-0.062761,0.81904,-0.067769,1.0728,-0.48884,-0.53659,-0.39512,0.29684,-0.24994,-0.64616,-0.38994,-1.0181,-0.74659,0.5638,0.62756,0.84303,0.1374,-0.54534,-0.16795,-0.43048,0.18814,0.16537,-0.1674,0.59948,-0.16904,-1.1376,0.36256,0.19763,0.010075,-0.3838,3.5756,0.045535,-0.52057,0.32947,-0.36942,-0.37348,0.31756,0.81132,-0.044679,-0.79792,0.22949,-0.73993,0.90041,0.46883,0.4512,0.6644,0.24931,-0.88062,-0.042584,-0.21827,0.530995,0.04307501,0.60767496,0.634925,0.453,-0.528315,-0.45137,-0.044970002,1.02714,0.18520498,0.539895,0.5144,0.66538,0.70451504,0.012565002,0.30953002,0.048209995,0.59791005,-0.44088,-0.844165,1.3943,-0.96906495,0.4274305,-0.75552905,-0.50662,-1.075475,0.69481003,1.16224,1.3785,0.64473003,2.4035,-0.387865,0.055128,0.911765,0.075913996,0.16805,-0.785585,0.554235,0.70486003,0.471345,0.31386,-0.06395,0.99467003,-0.5101145,0.011244997,0.336525,-0.73383003,0.23604001,0.5103385,-0.80716
95,0.061904,-0.68719,0.68837,-0.56679,-0.34094,0.35961,0.21045,0.53468,0.33756,0.65504,-0.53071,0.30053,-0.31057,0.41361,-0.12491,0.17616,0.35888,-0.59683,0.58927,-0.6907,0.45469,-0.78743,0.15902,0.020417,-0.46975,-0.59176,0.24826,0.48419,1.3485,-0.13948,1.9862,1.0591,0.44372,0.69817,-0.24853,0.51881,-0.69898,-0.26457,0.73321,-0.91657,-0.32668,0.19297,-0.24917,-0.24554,0.31448,0.089634,0.60047,-0.0074893,0.24169,0.0090785,0.49181333,-0.24445198,-0.19080865,0.043824673,-0.122369,0.338248,0.31936267,-0.39280334,0.51647335,0.56727,0.4793973,0.5225267,0.9531533,0.65433663,-0.17693333,0.8097133,-0.15644431,0.68523663,-0.42977,-1.1324266,0.75977135,0.30076668,1.0101467,-0.52269334,0.06534334,0.04391666,-0.24302001,0.99979335,1.28546,0.33786002,1.5345234,0.019539991,-0.42636666,0.45736003,-0.09864,0.9221534,-0.044999998,0.5989767,0.96806335,0.12267,0.47887334,0.11892733,0.0009529988,0.66908336,0.41536132,0.32867664,0.07638267,-0.7245833,0.48120332,-0.64034337
96,1.0326,-0.69136,0.6487,-0.071774,-0.57696,-0.56127,-0.68288,-0.05353,0.44905,-0.35602,0.86067,0.39249,0.038925,0.2982,-0.72031,0.8336,0.091965,0.9492,-0.029391,-0.60635,0.8484,-0.23062,0.032344,0.89432,-0.64466,-0.89722,0.29887,-0.60273,0.64634,-0.1478,2.9942,0.33144,-0.36863,-0.14631,0.48259,-0.072306,0.14288,0.083298,-0.59927,0.75392,0.020408,-0.43486,0.63946,0.8492,-0.80567,-0.37004,-0.63297,-0.10298,-0.51722,0.33306,-0.01133,0.55828,1.1365,0.5268,-0.31461,0.34718,0.14664,-0.25111,0.24037,0.31167,0.7466,-0.066094,1.2283,1.6295,-0.7119,1.3968,-0.86951,0.55055,-0.82848,-0.41483,1.3028,-0.016711,0.78468,0.28537,0.34356,-0.25138,-0.22764,0.02769,1.65,0.056092,1.1275,0.073985,-0.82794,-0.058774,-0.36019,0.36491,-0.016392,1.2146,0.96197,0.78728,1.6638,0.81505,-0.4542,0.90424,-0.129,1.3873,1.039,0.53996,-1.1153,0.054085
97,0.39621,0.15996,0.46712,0.18459,1.1826,-0.29844,-0.44587,0.13879,-0.79038,-0.21838,-0.33809,-0.68331,-0.37921,-0.11752,0.042039,0.48018,-0.012653,-0.45736,-0.77084,-0.047438,0.31252,0.5868,0.11256,-0.25544,0.13935,-1.3885,0.66674,0.28422,0.14652,0.21721,3.2838,-0.064245,0.087545,0.059236,0.18729,-0.7151,-0.45676,0.42607,-0.075389,-0.21992,-0.12417,0.12843,0.33174,0.089882,-0.15063,-0.08294,-0.066774,-0.19275,0.24453,-0.28937,-0.15165001,-0.0554315,0.49233,-0.517635,0.796585,-0.55193996,0.081266,0.0914805,0.501885,-0.214485,-0.219016,0.15706,-0.2768185,1.243,0.56054497,0.70619,-0.496705,0.446085,0.92714,-0.41824,0.876485,-0.134204,0.29112,0.66293,-0.36467502,-0.460305,-0.7851,1.11675,0.96237993,-0.454175,0.211143,0.38472372,-0.007939994,0.73615,0.20593314,1.4310501,-0.044929996,0.742255,0.994125,-0.352828,0.59801,0.1171445,-0.2984165,0.481145,-0.055250004,0.19847499,0.85566497,-0.094110504,0.10656,-0.5488
98,0.21473,-0.12386,-0.060734,-0.48248,-0.81974,-0.01071,-0.1787,0.22899,0.46298,-0.47632,-0.71289,0.40994,0.83801,-0.19857,-0.3936,0.46907,-0.018075,0.25584,0.24752,-1.1802,0.17802,0.1188,0.99759,-0.052702,0.082076,-0.70217,-0.28571,1.1461,1.2257,-1.1676,1.2518,0.30352,-0.6073,0.11593,0.03638,0.67858,-0.13848,0.12003,1.7829,0.082811,0.058374,0.22966,0.40507,0.10633,0.27575,0.88687,0.37886,-1.0186,0.2757,0.035919,-0.78407,-0.6493,-0.79871,0.76261,-0.42051,-1.0322,1.1894,-0.46353,0.095185,0.20337,-0.6861,0.13844,-0.079647,0.74362,-0.15347,-0.0093683,0.7385,-0.27955,0.68715,-0.93367,0.78941,-1.4534,0.54218,0.19339,-0.99967,0.59189,1.8813,1.6457,1.0154,-0.73834,0.66589,0.3308,-0.24025,0.35819,-1.8542,1.7068,-0.60396,2.0264,0.70043,-0.12636,1.7367,0.45008,-0.68157,1.3142,-0.24268,0.48191,0.91068,-0.31223,0.50887,-1.0932
99,0.63792,-0.055240005,0.40747,-0.425785,0.093823,-0.63128996,-0.54684,0.020905003,-0.48483002,-0.4297145,-0.38019502,-0.456602,-0.31694,-0.106943496,0.40796,0.564975,0.2978535,-0.16749002,-0.74995,-0.58963,0.45029998,-0.04138501,0.125045,0.210308,0.19199401,-1.4498,0.317795,0.34798,0.458685,-0.34733,3.54295,0.483575,-0.23183,-0.209251,-0.42442,-0.1487,-0.232883,-0.038027994,-0.090344995,0.004424989,-0.21155,0.1032899,0.14054301,0.16036001,-0.104319,0.05323,0.2604825,-0.36596,-0.4416415,-0.317045,-1.5491,0.6169,-0.28192,1.1088,0.070226,-0.39293,-0.85833,0.23562,-0.092116,-0.2479,-0.49193,0.2869,0.17158,0.19466,0.40086,0.53626,-0.24186,0.59343,-1.6473,-0.41177,-0.15598,-1.0264,1.5462,-0.33489,-1.0415,-1.0938,-0.49959,0.44622,1.2927,-0.61908,1.7843,1.1887,-1.0404,0.038716,0.4504,0.96851,-0.15772,1.1836,0.29166,-1.1253,-0.11255,0.012885,-1.51,0.56901,-0.48604,2.0839,0.06506,0.016635,-0.6365,0.064266
100,0.63792,-0.055240005,0.40747,-0.425785,0.093823,-0.63128996,-0.54684,0.020905003,-0.48483002,-0.4297145,-0.38019502,-0.456602,-0.31694,-0.106943496,0.40796,0.564975,0.2978535,-0.16749002,-0.74995,-0.58963,0.45029998,-0.04138501,0.125045,0.210308,0.19199401,-1.4498,0.317795,0.34798,0.458685,-0.34733,3.54295,0.483575,-0.23183,-0.209251,-0.42442,-0.1487,-0.232883,-0.038027994,-0.090344995,0.004424989,-0.21155,0.1032899,0.14054301,0.16036001,-0.104319,0.05323,0.2604825,-0.36596,-0.4416415,-0.317045,-0.17537,0.08291,-0.12942,-0.48079,0.24926,-0.3178,1.0202,0.37647,-0.44533,0.60005,-0.69931,-0.18225,0.93479,0.60394,0.64438,0.14979,0.91368,0.50846,0.046199,-0.30032,0.48496,-0.81351,1.3557,0.027105,-0.99947,-1.0667,-0.65685,0.29009,0.82502,0.40959,1.7743,-0.55731,-1.1925,1.3894,-0.39877,0.86164,-0.50823,0.93659,1.3159,-0.38863,0.23216,0.42121,0.0061265,0.86917,1.0255,0.18649,-0.24925,-1.0213,-0.2545,-0.82867
101,0.076143,-0.24717,0.40116,-0.44052,0.47109,-0.1377,-0.71907,0.13098,-0.17572,-0.03577,-0.25182,0.22588,-0.76386,0.24249,0.46617,0.10661,0.42314,-0.54628,-0.23715,-0.65187,-0.077369,0.28766,0.10809,-0.45786,0.067866,-1.8636,0.1389,0.17133,0.24996,-0.6366,3.2279,0.56937,-0.653,0.055097,-0.28294,0.17188,0.17931,0.49549,0.33623,-0.49653,0.10105,0.1834,0.095534,0.049611,-0.028313,0.27312,-0.24849,0.14717,0.11502,-0.25162,0.0736105,-0.486245,0.21337551,-0.137576,1.08711,-0.008680001,-1.171415,-0.39323,1.15195,-0.43445498,-0.1070045,-0.22687,0.110145,0.243597,0.676135,0.459175,-0.66276,0.29768002,0.242055,-0.977405,0.94405997,-0.21393299,-0.19962999,0.90123504,-0.836885,-0.89010495,-0.63921,0.76993996,1.13995,-0.755095,1.4651,0.483055,0.03534001,1.1001,0.484165,0.775805,-0.0013649911,0.61661,0.888785,0.31627,0.53003,0.603045,-0.1290535,0.465175,0.394245,0.16568002,-0.09903,-0.371405,0.56677,-0.07307501
102,0.62257,0.071858,0.024343,-0.12574,0.31062,-0.2258,-0.34277,0.50858,-0.13264,-0.068181,-0.21331,0.27151,-0.44914,0.076563,0.54888,0.58235,0.46806,-0.3486,-0.14855,-0.81118,0.26717,0.24443,0.016739,0.04569,0.23783,-1.9723,-0.067601,-0.50336,0.21409,-0.48434,3.5853,1.1371,-1.1428,-0.058785,0.2457,-0.16272,0.17293,0.18225,0.0188,-0.52325,-0.34459,0.035117,0.27834,0.18419,0.23106,0.13612,0.021502,0.18111,0.038953,0.23854,0.42584,0.22498,-0.44857,-0.22726,1.3462,2.0524,-0.34857,-0.080376,0.50811,-0.008289,0.20907,-0.10272,1.7036,1.2595,-0.25248,0.31343,0.1773,0.17004,-0.505,-0.25286,0.9893,-1.0132,1.5275,0.064581,-0.34393,-0.53873,0.096421,0.68288,1.2355,-0.65697,1.5745,0.1512,-0.95893,0.55839,-0.52137,0.1623,-0.30843,1.1385,1.3097,-0.77904,0.26713,-0.92731,-0.70553,0.12533,1.075,0.63071,0.22872,-0.46971,0.18615,-0.18569
103,-0.062761,0.81904,-0.067769,1.0728,-0.48884,-0.53659,-0.39512,0.29684,-0.24994,-0.64616,-0.38994,-1.0181,-0.74659,0.5638,0.62756,0.84303,0.1374,-0.54534,-0.16795,-0.43048,0.18814,0.16537,-0.1674,0.59948,-0.16904,-1.1376,0.36256,0.19763,0.010075,-0.3838,3.5756,0.045535,-0.52057,0.32947,-0.36942,-0.37348,0.31756,0.81132,-0.044679,-0.79792,0.22949,-0.73993,0.90041,0.46883,0.4512,0.6644,0.24931,-0.88062,-0.042584,-0.21827,0.36466852,-0.019309998,-0.42125502,0.21279499,0.397275,0.475795,-0.49067998,-0.120333,0.28298,-0.16636151,0.15060501,0.25542498,0.976175,0.6495365,0.02116,-0.00048499554,-0.13028002,0.78832,-0.1825455,-0.9985601,0.9974,-1.11995,0.4913705,0.571471,-0.43537498,-0.42523,-0.019300014,1.4001999,1.041625,-0.42044,1.56575,-0.16846001,-0.06920501,1.3666999,0.1591,0.3741685,-0.266595,1.22909,1.13311,0.04561001,0.99418,-0.20374,0.561325,-0.1726595,0.44656497,0.85001004,-0.097585,-0.016515002,0.878855,-0.35878402
104,0.39621,0.15996,0.46712,0.18459,1.1826,-0.29844,-0.44587,0.13879,-0.79038,-0.21838,-0.33809,-0.68331,-0.37921,-0.11752,0.042039,0.48018,-0.012653,-0.45736,-0.77084,-0.047438,0.31252,0.5868,0.11256,-0.25544,0.13935,-1.3885,0.66674,0.28422,0.14652,0.21721,3.2838,-0.064245,0.087545,0.059236,0.18729,-0.7151,-0.45676,0.42607,-0.075389,-0.21992,-0.12417,0.12843,0.33174,0.089882,-0.15063,-0.08294,-0.066774,-0.19275,0.24453,-0.28937,0.530995,0.04307501,0.60767496,0.634925,0.453,-0.528315,-0.45137,-0.044970002,1.02714,0.18520498,0.539895,0.5144,0.66538,0.70451504,0.012565002,0.30953002,0.048209995,0.59791005,-0.44088,-0.844165,1.3943,-0.96906495,0.4274305,-0.75552905,-0.50662,-1.075475,0.69481003,1.16224,1.3785,0.64473003,2.4035,-0.387865,0.055128,0.911765,0.075913996,0.16805,-0.785585,0.554235,0.70486003,0.471345,0.31386,-0.06395,0.99467003,-0.5101145,0.011244997,0.336525,-0.73383003,0.23604001,0.5103385,-0.80716
105,0.076143,-0.24717,0.40116,-0.44052,0.47109,-0.1377,-0.71907,0.13098,-0.17572,-0.03577,-0.25182,0.22588,-0.76386,0.24249,0.46617,0.10661,0.42314,-0.54628,-0.23715,-0.65187,-0.077369,0.28766,0.10809,-0.45786,0.067866,-1.8636,0.1389,0.17133,0.24996,-0.6366,3.2279,0.56937,-0.653,0.055097,-0.28294,0.17188,0.17931,0.49549,0.33623,-0.49653,0.10105,0.1834,0.095534,0.049611,-0.028313,0.27312,-0.24849,0.14717,0.11502,-0.25162,0.530995,0.04307501,0.60767496,0.634925,0.453,-0.528315,-0.45137,-0.044970002,1.02714,0.18520498,0.539895,0.5144,0.66538,0.70451504,0.012565002,0.30953002,0.048209995,0.59791005,-0.44088,-0.844165,1.3943,-0.96906495,0.4274305,-0.75552905,-0.50662,-1.075475,0.69481003,1.16224,1.3785,0.64473003,2.4035,-0.387865,0.055128,0.911765,0.075913996,0.16805,-0.785585,0.554235,0.70486003,0.471345,0.31386,-0.06395,0.99467003,-0.5101145,0.011244997,0.336525,-0.73383003,0.23604001,0.5103385,-0.80716
